live_id,live_name,aliases,default_account_code,type
63,Cycle and Carriage,CYCLE & CARRIAGE,5001,
98,KORE Wireless Inc.,KORE Wireless Inc.,5030,
311,RENDER.COM,RENDER.COM,6700,
148,Twilio,Twilio SGD | Twilio-1,6700,
308,VERCEL INC,VERCEL INC,6700,
27,Abwin Leasing,,5001,
36,ARENA DETAILING PTE. LTD,ARENA DETAILIG | ARENA DETAILING PTE. LTD,6103,
321,POST GORDON,Aust Postal Corp | Australia Post | POST ST IVES | Post Gordon,5065,vendor
52,CDC Australia,,5001,
59,ComfortDelGro Rent-A-Car Pte Ltd,CDG | COMFORT DELGRO | ComfortDelGro | ComfortDelGro Rent-A-Car Pte Ltd | FAST PAYMENT BEXP COMFORT DELGRO,5001,
68,Eventila Technologies Pvt Ltd,,1710,
141,The Fleet Dr Pty Ltd,,5064,
156,Wash and Go,WASHNGO,5022,
