id,name,was
2,Internal Transfer: OCBC 3001 → OCBC 1001,OCBC 1001 (Drive lah SG)/internal
3,Internal Transfer: Stripe → OCBC 3001,Stripe Platform SGD/internal
4,Internal Transfer: OCBC 3001 → Wise SGD,Wise SGD/internal
22,Drive Lah Australia Pty Ltd - (Suggested) Tax Payments Netbank Bpay as Tax Paid,ATO/None
38,Drive Lah Australia Pty Ltd - apple.com,Apple.com/None
75,Drive Lah Pte Ltd - Apex debt recovery,Apex Credit/None
85,Drive Lah Pte Ltd - Google suite,Google/None
116,Drive Lah Pte Ltd - Google play as Tech operations,Google/None
117,Drive Lah Pte Ltd - Google Storage as Tech operations,Google/None
176,Drive Lah Pte Ltd - RMS LOK NGEE,LoK/None
234,Drive Lah Australia Pty Ltd - Techcrunch,TECHCRUNCH EVELEIGH/None
