entity,date,name,contra_account,amount
au,14/12/2025,Penguin Risk Solutions,Accounts Payable (A/P),-82274.34
au,12/12/2025,Penguin Risk Solutions,Accounts Payable (A/P),-82274.34
au,10/09/2024,Defiant,Accounts Payable (A/P),-10996.7
au,23/08/2024,Defiant,Accounts Payable (A/P),-9038.38
au,27/06/2024,WP Towing,Accounts Payable (A/P),-385.0
au,18/04/2023,Insuret Premium (deleted),Accounts Payable (A/P),-20260.29
au,26/03/2023,Insuret Premium (deleted),Accounts Payable (A/P),-20260.29
au,30/04/2026,ISS First Response,Accounts Payable (A/P),-9659.49
au,30/04/2026,NORMAN CHAN,Accounts Payable (A/P),-198.0
au,30/04/2026,NORMAN CHAN,Accounts Payable (A/P),-1045.0
au,30/04/2026,SentriLock,Accounts Payable (A/P),-970.32
au,29/04/2026,Penguin Risk Solutions,Accounts Payable (A/P),-69472.07
au,29/04/2026,Autorola,Accounts Payable (A/P),-717.31
au,28/04/2026,Thinxtra,Accounts Payable (A/P),-10742.2
au,27/04/2026,Stephen Inner West Smash Repairs Pty Ltd,Accounts Payable (A/P),-1980.0
au,27/04/2026,Stephen Inner West Smash Repairs Pty Ltd,Accounts Payable (A/P),-3801.6
au,24/04/2026,Altimobility Corp -,Accounts Payable (A/P) - USD,-14045.54
au,15/04/2026,Rohde Smash Repair,Accounts Payable (A/P),-440.0
au,15/04/2026,ATO direct,Accounts Payable (A/P),-13546.18
au,10/04/2026,AUTOBODIES GOLD COAST,Accounts Payable (A/P),-4105.98
au,24/03/2026,Combined Towing,Accounts Payable (A/P),-1584.72
au,24/03/2026,Auto Tow Nominees Pty Ltd,Accounts Payable (A/P),-598.0
au,16/03/2026,1ST CLASS TOWING PTY LTD,Accounts Payable (A/P),-440.0
au,06/03/2026,EXPERIAN AUSTRALIA OPERATIONS,Accounts Payable (A/P),-5877.3
au,06/03/2026,EXPERIAN AUSTRALIA OPERATIONS,Accounts Payable (A/P),-5491.2
au,05/03/2026,U R Drive,Accounts Payable (A/P),-2000.0
au,04/03/2026,The Hollard Insurance Company,Accounts Payable (A/P),-3650.0
au,04/03/2026,Stephen Inner West Smash Repairs Pty Ltd,Accounts Payable (A/P),-5000.0
au,04/03/2026,Rohde Smash Repair,Accounts Payable (A/P),-3909.3
au,04/03/2026,NORMAN CHAN,Accounts Payable (A/P),-1034.0
au,04/03/2026,Stephen Inner West Smash Repairs Pty Ltd,Accounts Payable (A/P),-2090.0
au,04/03/2026,The Hollard Insurance Company,Accounts Payable (A/P),-2306.0
au,04/03/2026,MELBOURNE PRESTIGE CENTRE,Accounts Payable (A/P),-968.0
au,04/03/2026,Northside Autocare Pty Ltd,Accounts Payable (A/P),-296.0
au,23/02/2026,ACE,Accounts Payable (A/P),-770.0
au,23/02/2026,ACE,Accounts Payable (A/P),-1100.0
au,23/02/2026,ACE,Accounts Payable (A/P),-907.5
au,13/02/2026,ISS First Response,Accounts Payable (A/P),-7573.9
au,13/02/2026,ISS First Response,Accounts Payable (A/P),-2841.03
au,13/02/2026,Focussed Assessing Pty Ltd,Accounts Payable (A/P),-220.0
au,09/02/2026,MPDG Services Pty Ltd,Accounts Payable (A/P),-6600.0
au,04/02/2026,EXPERIAN AUSTRALIA OPERATIONS,Accounts Payable (A/P),-5469.75
au,02/02/2026,Autorola,Accounts Payable (A/P),-1252.35
au,02/02/2026,The Hollard Insurance Company,Accounts Payable (A/P),-5000.0
au,02/02/2026,U R Drive,Accounts Payable (A/P),-2000.0
au,02/02/2026,Illion,Accounts Payable (A/P),-5316.03
au,02/02/2026,AFCA,Accounts Payable (A/P),-388.69
au,02/02/2026,AFCA,Accounts Payable (A/P),-1255.63
au,02/02/2026,AFCA,Accounts Payable (A/P),-402.29
au,02/02/2026,AFCA,Accounts Payable (A/P),-2511.26
au,02/02/2026,AFCA,Accounts Payable (A/P),-109.52
au,02/02/2026,AFCA,Accounts Payable (A/P),-411.44
au,02/02/2026,AFCA,Accounts Payable (A/P),-3847.61
au,02/02/2026,AFCA,Accounts Payable (A/P),-411.44
au,02/02/2026,Stephen Inner West Smash Repairs Pty Ltd,Accounts Payable (A/P),-3092.2
au,30/01/2026,SentriLock,Accounts Payable (A/P),-1185.57
au,30/01/2026,SentriLock,Accounts Payable (A/P),-1374.08
au,30/01/2026,SentriLock,Accounts Payable (A/P),-1408.86
au,28/01/2026,Thinxtra,Accounts Payable (A/P),-12184.74
au,28/01/2026,Thinxtra,Accounts Payable (A/P),-13496.98
au,23/01/2026,SMD Lawyers Pty Ltd,Accounts Payable (A/P),-385.0
au,23/01/2026,Thinxtra,Accounts Payable (A/P),-12436.32
au,23/01/2026,Thinxtra,Accounts Payable (A/P),-22180.1
au,23/01/2026,Thinxtra,Accounts Payable (A/P),-1660.06
au,22/01/2026,CAVALO SERVICE DEPARTMENT,Accounts Payable (A/P),-3612.3
au,22/01/2026,CAVALO SERVICE DEPARTMENT,Accounts Payable (A/P),-2558.6
au,22/01/2026,SMD Lawyers Pty Ltd,Accounts Payable (A/P),-1760.0
au,20/01/2026,Klean Air Aus Decontamination,Accounts Payable (A/P),-2200.0
au,20/01/2026,Yarra Trams,Accounts Payable (A/P),-1292.51
au,20/01/2026,NORMAN CHAN,Accounts Payable (A/P),-924.0
au,20/01/2026,NORMAN CHAN,Accounts Payable (A/P),-814.0
au,20/01/2026,NORMAN CHAN,Accounts Payable (A/P),-1144.0
au,20/01/2026,Stuttgart Autos,Accounts Payable (A/P),-1898.6
au,20/01/2026,Altimobility Corp,Accounts Payable (A/P),-14846.71
au,20/01/2026,A1 Smash Repairs,Accounts Payable (A/P),-1452.0
au,16/01/2026,CDC Australia,Accounts Payable (A/P),-25072.0
au,15/01/2026,Pack & Send,Accounts Payable (A/P),-1194.68
au,15/01/2026,Pack & Send,Accounts Payable (A/P),-7507.5
au,15/01/2026,Pack & Send,Accounts Payable (A/P),-1005.07
au,15/01/2026,Pack & Send,Accounts Payable (A/P),-1270.57
au,15/01/2026,Pack & Send,Accounts Payable (A/P),-465.54
au,15/01/2026,Pack & Send,Accounts Payable (A/P),-426.14
au,15/01/2026,Pack & Send,Accounts Payable (A/P),-2079.0
au,15/01/2026,Pack & Send,Accounts Payable (A/P),-214.52
au,15/01/2026,Pack & Send,Accounts Payable (A/P),-320.83
au,15/01/2026,Pack & Send,Accounts Payable (A/P),-330.0
au,12/01/2026,U R Drive,Accounts Payable (A/P),-2000.0
au,12/01/2026,Rohde Smash Repair,Accounts Payable (A/P),-2156.69
au,12/01/2026,Clayton Towing,Accounts Payable (A/P),-1210.0
au,12/01/2026,GT insurance,Accounts Payable (A/P),-3000.0
au,12/01/2026,SHARPS,Accounts Payable (A/P),-514.05
au,12/01/2026,Vehicle Heroes Pty Ltd,Accounts Payable (A/P),-6762.11
au,02/01/2026,ACE,Accounts Payable (A/P),-1155.0
au,02/01/2026,ACE,Accounts Payable (A/P),-907.5
au,02/01/2026,ACE,Accounts Payable (A/P),-880.0
au,02/01/2026,ACE,Accounts Payable (A/P),-1430.0
au,23/12/2025,Rohde Smash Repair,Accounts Payable (A/P),-1796.28
au,23/12/2025,Rohde Smash Repair,Accounts Payable (A/P),-1322.2
au,23/12/2025,Rohde Smash Repair,Accounts Payable (A/P),-2789.6
au,23/12/2025,Rohde Smash Repair,Accounts Payable (A/P),-1842.5
au,23/12/2025,Rohde Smash Repair,Accounts Payable (A/P),-3952.5
au,23/12/2025,Rohde Smash Repair,Accounts Payable (A/P),-3000.0
au,23/12/2025,Stephen Inner West Smash Repairs Pty Ltd,Accounts Payable (A/P),-3900.0
au,23/12/2025,Stephen Inner West Smash Repairs Pty Ltd,Accounts Payable (A/P),-1340.0
au,23/12/2025,Stephen Inner West Smash Repairs Pty Ltd,Accounts Payable (A/P),-3432.0
au,23/12/2025,Stephen Inner West Smash Repairs Pty Ltd,Accounts Payable (A/P),-1727.66
au,23/12/2025,Stephen Inner West Smash Repairs Pty Ltd,Accounts Payable (A/P),-1595.0
au,23/12/2025,Stephen Inner West Smash Repairs Pty Ltd,Accounts Payable (A/P),-5000.0
au,23/12/2025,Stephen Inner West Smash Repairs Pty Ltd,Accounts Payable (A/P),-2090.0
au,23/12/2025,Stephen Inner West Smash Repairs Pty Ltd,Accounts Payable (A/P),-880.0
au,23/12/2025,Rohde Smash Repair,Accounts Payable (A/P),-1859.0
au,23/12/2025,Rohde Smash Repair,Accounts Payable (A/P),-1430.0
au,23/12/2025,Rohde Smash Repair,Accounts Payable (A/P),-1602.15
au,23/12/2025,Rohde Smash Repair,Accounts Payable (A/P),-3000.0
au,23/12/2025,Rohde Smash Repair,Accounts Payable (A/P),-3000.0
au,19/12/2025,Stephen Inner West Smash Repairs Pty Ltd,Accounts Payable (A/P),-210.0
au,19/12/2025,Stephen Inner West Smash Repairs Pty Ltd,Accounts Payable (A/P),-175.0
au,19/12/2025,Stephen Inner West Smash Repairs Pty Ltd,Accounts Payable (A/P),-462.0
au,19/12/2025,Stephen Inner West Smash Repairs Pty Ltd,Accounts Payable (A/P),-330.0
au,19/12/2025,Stephen Inner West Smash Repairs Pty Ltd,Accounts Payable (A/P),-450.0
au,19/12/2025,Stephen Inner West Smash Repairs Pty Ltd,Accounts Payable (A/P),-495.0
au,19/12/2025,Altimobility Corp,Accounts Payable (A/P),-15105.74
au,18/12/2025,Danyal Trucking,Accounts Payable (A/P),-390.0
au,18/12/2025,Danyal Trucking,Accounts Payable (A/P),-790.0
au,17/12/2025,Victorian Auto Services,Accounts Payable (A/P),-450.0
au,17/12/2025,Victorian Auto Services,Accounts Payable (A/P),-220.0
au,17/12/2025,Victorian Auto Services,Accounts Payable (A/P),-240.0
au,17/12/2025,Victorian Auto Services,Accounts Payable (A/P),-350.0
au,17/12/2025,Victorian Auto Services,Accounts Payable (A/P),-330.0
au,17/12/2025,Victorian Auto Services,Accounts Payable (A/P),-295.0
au,17/12/2025,North East Crash Repairs PTY LTD,Accounts Payable (A/P),-5000.0
au,15/12/2025,Focussed Claims  Management,Accounts Payable (A/P),-385.0
au,15/12/2025,Focussed Claims  Management,Accounts Payable (A/P),-385.0
au,15/12/2025,Focussed Claims  Management,Accounts Payable (A/P),-385.0
au,15/12/2025,Focussed Claims  Management,Accounts Payable (A/P),-181.5
au,15/12/2025,Focussed Claims  Management,Accounts Payable (A/P),-165.0
au,10/12/2025,U R Drive,Accounts Payable (A/P),-2000.0
au,10/12/2025,Focussed Assessing Pty Ltd,Accounts Payable (A/P),-330.0
au,10/12/2025,Focussed Assessing Pty Ltd,Accounts Payable (A/P),-165.0
au,10/12/2025,Focussed Assessing Pty Ltd,Accounts Payable (A/P),-165.0
au,10/12/2025,Focussed Assessing Pty Ltd,Accounts Payable (A/P),-330.0
au,10/12/2025,Focussed Assessing Pty Ltd,Accounts Payable (A/P),-220.0
au,10/12/2025,Focussed Assessing Pty Ltd,Accounts Payable (A/P),-220.0
au,10/12/2025,Focussed Assessing Pty Ltd,Accounts Payable (A/P),-165.0
au,10/12/2025,Focussed Assessing Pty Ltd,Accounts Payable (A/P),-165.0
au,10/12/2025,Focussed Assessing Pty Ltd,Accounts Payable (A/P),-110.0
au,10/12/2025,Focussed Assessing Pty Ltd,Accounts Payable (A/P),-220.0
au,10/12/2025,Focussed Assessing Pty Ltd,Accounts Payable (A/P),-220.0
au,10/12/2025,Focussed Assessing Pty Ltd,Accounts Payable (A/P),-220.0
au,10/12/2025,Focussed Assessing Pty Ltd,Accounts Payable (A/P),-165.0
au,10/12/2025,Focussed Assessing Pty Ltd,Accounts Payable (A/P),-330.0
au,09/12/2025,GT insurance,Accounts Payable (A/P),-300.0
au,05/12/2025,SentriLock,Accounts Payable (A/P),-1438.29
au,02/12/2025,Rohde Smash Repair,Accounts Payable (A/P),-1100.0
au,01/12/2025,Thinxtra,Accounts Payable (A/P),-13000.0
au,26/11/2025,Altimobility Corp,Accounts Payable (A/P),-18582.19
au,21/11/2025,Stephen Inner West Smash Repairs Pty Ltd,Accounts Payable (A/P),-175.0
au,21/11/2025,Stephen Inner West Smash Repairs Pty Ltd,Accounts Payable (A/P),-4180.0
au,21/11/2025,Stephen Inner West Smash Repairs Pty Ltd,Accounts Payable (A/P),-1200.0
au,20/11/2025,Thinxtra,Accounts Payable (A/P),-7000.0
au,13/11/2025,ATO direct,Accounts Payable (A/P),-1842.61
au,12/11/2025,Focussed Assessing Pty Ltd,Accounts Payable (A/P),-220.0
au,12/11/2025,Focussed Assessing Pty Ltd,Accounts Payable (A/P),-165.0
au,12/11/2025,Rohde Smash Repair,Accounts Payable (A/P),-577.5
au,12/11/2025,Rohde Smash Repair,Accounts Payable (A/P),-693.0
au,12/11/2025,SHARPS,Accounts Payable (A/P),-1108.59
au,12/11/2025,SHARPS,Accounts Payable (A/P),-371.79
au,12/11/2025,SHARPS,Accounts Payable (A/P),-510.18
au,12/11/2025,SHARPS,Accounts Payable (A/P),-427.35
au,12/11/2025,SHARPS,Accounts Payable (A/P),-567.86
au,12/11/2025,Stephen Inner West Smash Repairs Pty Ltd,Accounts Payable (A/P),-198.0
au,12/11/2025,Stephen Inner West Smash Repairs Pty Ltd,Accounts Payable (A/P),-787.0
au,12/11/2025,Stephen Inner West Smash Repairs Pty Ltd,Accounts Payable (A/P),-250.0
au,12/11/2025,Stephen Inner West Smash Repairs Pty Ltd,Accounts Payable (A/P),-175.0
au,12/11/2025,Stephen Inner West Smash Repairs Pty Ltd,Accounts Payable (A/P),-335.5
au,10/11/2025,U R Drive,Accounts Payable (A/P),-2000.0
au,06/11/2025,J&D Quality Smash Repairs,Accounts Payable (A/P),-5052.47
au,06/11/2025,NORMAN CHAN,Accounts Payable (A/P),-814.0
au,06/11/2025,NORMAN CHAN,Accounts Payable (A/P),-1023.0
au,06/11/2025,MELBOURNE PRESTIGE CENTRE,Accounts Payable (A/P),-5000.0
au,06/11/2025,SHARPS,Accounts Payable (A/P),-661.39
au,06/11/2025,SHARPS,Accounts Payable (A/P),-309.98
au,06/11/2025,SHARPS,Accounts Payable (A/P),-542.94
au,06/11/2025,SHARPS,Accounts Payable (A/P),-689.56
au,06/11/2025,The Hollard Insurance Company,Accounts Payable (A/P),-5000.0
au,05/11/2025,Thinxtra,Accounts Payable (A/P),-21564.35
au,04/11/2025,Bastian's Towing,Accounts Payable (A/P),-330.0
au,20/10/2025,ACE,Accounts Payable (A/P),-1760.0
au,20/10/2025,ACE,Accounts Payable (A/P),-907.5
au,20/10/2025,ACE,Accounts Payable (A/P),-1100.0
au,20/10/2025,ACE,Accounts Payable (A/P),-1100.0
au,20/10/2025,ACE,Accounts Payable (A/P),-1210.0
au,16/10/2025,Altimobility Corp,Accounts Payable (A/P),-18677.36
au,13/10/2025,Anytime Towing Service Pty Ltd,Accounts Payable (A/P),-473.0
au,03/10/2025,SentriLock,Accounts Payable (A/P),-1551.65
au,03/10/2025,SentriLock,Accounts Payable (A/P),-1451.54
au,02/10/2025,SEMITS SMASH REPAIRS PTY LTD,Accounts Payable (A/P),-4601.3
au,02/10/2025,GT insurance,Accounts Payable (A/P),-5000.0
au,02/10/2025,GT insurance,Accounts Payable (A/P),-2000.0
au,01/10/2025,U R Drive,Accounts Payable (A/P),-2000.0
au,17/09/2025,Harveys Towing Service,Accounts Payable (A/P),-1178.8
au,17/09/2025,Harveys Towing Service,Accounts Payable (A/P),-778.5
au,10/09/2025,Illion,Accounts Payable (A/P),-2316.6
au,10/09/2025,The Hollard Insurance Company,Accounts Payable (A/P),-309.1
au,10/09/2025,Penguin Risk Solutions,Accounts Payable (A/P),-82274.34
au,09/09/2025,Keydup Locksmiths,Accounts Payable (A/P),-1350.0
au,09/09/2025,Nova Smash Repairs,Accounts Payable (A/P),-5000.0
au,09/09/2025,Sheen Panel Service,Accounts Payable (A/P),-5000.0
au,09/09/2025,Stephen Inner West Smash Repairs Pty Ltd,Accounts Payable (A/P),-5327.56
au,09/09/2025,The Hollard Insurance Company,Accounts Payable (A/P),-5000.0
au,09/09/2025,Stephen Inner West Smash Repairs Pty Ltd,Accounts Payable (A/P),-1843.6
au,09/09/2025,Stephen Inner West Smash Repairs Pty Ltd,Accounts Payable (A/P),-2200.0
au,09/09/2025,Stephen Inner West Smash Repairs Pty Ltd,Accounts Payable (A/P),-3575.0
au,09/09/2025,Stephen Inner West Smash Repairs Pty Ltd,Accounts Payable (A/P),-5000.0
au,08/09/2025,The ASE Group,Accounts Payable (A/P),-50.53
au,05/09/2025,Stephen Inner West Smash Repairs Pty Ltd,Accounts Payable (A/P),-825.0
au,05/09/2025,Stephen Inner West Smash Repairs Pty Ltd,Accounts Payable (A/P),-330.0
au,04/09/2025,Pack & Send,Accounts Payable (A/P),-3922.04
au,04/09/2025,Rohde Smash Repair,Accounts Payable (A/P),-1539.52
au,04/09/2025,Rohde Smash Repair,Accounts Payable (A/P),-770.88
au,04/09/2025,Top Dents,Accounts Payable (A/P),-2200.0
au,04/09/2025,Focussed Assessing Pty Ltd,Accounts Payable (A/P),-220.0
au,04/09/2025,Focussed Assessing Pty Ltd,Accounts Payable (A/P),-165.0
au,04/09/2025,Focussed Assessing Pty Ltd,Accounts Payable (A/P),-220.0
au,04/09/2025,Focussed Assessing Pty Ltd,Accounts Payable (A/P),-220.0
au,04/09/2025,Focussed Assessing Pty Ltd,Accounts Payable (A/P),-330.0
au,04/09/2025,Focussed Assessing Pty Ltd,Accounts Payable (A/P),-220.0
au,04/09/2025,Pack & Send,Accounts Payable (A/P),-7507.5
au,03/09/2025,The Hollard Insurance Company,Accounts Payable (A/P),-505.46
au,29/08/2025,Pack & Send,Accounts Payable (A/P),-2091.87
au,29/08/2025,Pack & Send,Accounts Payable (A/P),-7507.5
au,29/08/2025,Pack & Send,Accounts Payable (A/P),-2324.5
au,29/08/2025,Pack & Send,Accounts Payable (A/P),-7507.5
au,28/08/2025,CDC Australia,Accounts Payable (A/P),-48834.86
au,28/08/2025,CDC Australia,Accounts Payable (A/P),-26417.0
au,28/08/2025,Pack & Send,Accounts Payable (A/P),-7507.5
au,28/08/2025,Pack & Send,Accounts Payable (A/P),-7507.5
au,28/08/2025,Pack & Send,Accounts Payable (A/P),-425.37
au,28/08/2025,Pack & Send,Accounts Payable (A/P),-556.42
au,27/08/2025,Humax,Accounts Payable (A/P),-20519.3
au,27/08/2025,Illion,Accounts Payable (A/P),-2059.2
au,27/08/2025,Thinxtra,Accounts Payable (A/P),-21439.87
au,27/08/2025,Thinxtra,Accounts Payable (A/P),-21613.29
au,25/08/2025,GT insurance,Accounts Payable (A/P),-2000.0
au,25/08/2025,MELBOURNE PRESTIGE CENTRE,Accounts Payable (A/P),-5000.0
au,25/08/2025,RACQ,Accounts Payable (A/P),-1489.59
au,25/08/2025,U R Drive,Accounts Payable (A/P),-2000.0
au,25/08/2025,U R Drive,Accounts Payable (A/P),-2000.0
au,25/08/2025,Rohde Smash Repair,Accounts Payable (A/P),-1182.5
au,25/08/2025,RACQ,Accounts Payable (A/P),-3969.92
au,25/08/2025,RACQ,Accounts Payable (A/P),-300.0
au,25/08/2025,J&D Quality Smash Repairs,Accounts Payable (A/P),-5000.0
au,25/08/2025,J&D Quality Smash Repairs,Accounts Payable (A/P),-3355.85
au,25/08/2025,J&D Quality Smash Repairs,Accounts Payable (A/P),-1916.98
au,25/08/2025,GT insurance,Accounts Payable (A/P),-5000.0
au,25/08/2025,GT insurance,Accounts Payable (A/P),-2000.0
au,25/08/2025,GT insurance,Accounts Payable (A/P),-5000.0
au,25/08/2025,GT insurance,Accounts Payable (A/P),-3000.0
au,25/08/2025,GT insurance,Accounts Payable (A/P),-2650.0
au,25/08/2025,GT insurance,Accounts Payable (A/P),-2700.0
au,25/08/2025,RACQ,Accounts Payable (A/P),-6228.24
au,25/08/2025,RACQ,Accounts Payable (A/P),-1258.0
au,25/08/2025,RACQ,Accounts Payable (A/P),-3572.99
au,25/08/2025,RACQ,Accounts Payable (A/P),-2907.97
au,24/08/2025,J&D Quality Smash Repairs,Accounts Payable (A/P),-4408.57
au,22/08/2025,MELBOURNE PRESTIGE CENTRE,Accounts Payable (A/P),-1200.0
au,22/08/2025,MELBOURNE PRESTIGE CENTRE,Accounts Payable (A/P),-1200.0
au,22/08/2025,MELBOURNE PRESTIGE CENTRE,Accounts Payable (A/P),-2200.0
au,21/08/2025,NORMAN CHAN,Accounts Payable (A/P),-1133.0
au,21/08/2025,NORMAN CHAN,Accounts Payable (A/P),-924.0
au,08/08/2025,U R Drive,Accounts Payable (A/P),-2000.0
au,30/07/2025,Penguin Risk Solutions,Accounts Payable (A/P),-82274.32
au,30/07/2025,Penguin Risk Solutions,Accounts Payable (A/P),-82272.63
au,30/07/2025,Penguin Risk Solutions,Accounts Payable (A/P),-82272.63
au,29/07/2025,Rohde Smash Repair,Accounts Payable (A/P),-825.0
au,29/07/2025,Rohde Smash Repair,Accounts Payable (A/P),-1155.0
au,29/07/2025,Rohde Smash Repair,Accounts Payable (A/P),-1630.84
au,29/07/2025,Rohde Smash Repair,Accounts Payable (A/P),-1100.0
au,29/07/2025,Rohde Smash Repair,Accounts Payable (A/P),-880.0
au,29/07/2025,Rohde Smash Repair,Accounts Payable (A/P),-2304.31
au,29/07/2025,Rohde Smash Repair,Accounts Payable (A/P),-2101.0
au,23/07/2025,Car Solutions Motor Vehicle Consultants,Accounts Payable (A/P),-605.0
au,23/07/2025,Car Solutions Motor Vehicle Consultants,Accounts Payable (A/P),-605.0
au,23/07/2025,Illion,Accounts Payable (A/P),-3521.38
au,22/07/2025,Anytime Towing Service Pty Ltd,Accounts Payable (A/P),-1890.0
au,22/07/2025,Watterson,Accounts Payable (A/P),-4141.85
au,22/07/2025,GT insurance,Accounts Payable (A/P),-100.0
au,19/07/2025,GT insurance,Accounts Payable (A/P),-650.0
au,17/07/2025,ACT Collision Management,Accounts Payable (A/P),-5000.0
au,17/07/2025,GT insurance,Accounts Payable (A/P),-5000.0
au,17/07/2025,GT insurance,Accounts Payable (A/P),-300.0
au,17/07/2025,GT insurance,Accounts Payable (A/P),-300.0
au,17/07/2025,GT insurance,Accounts Payable (A/P),-300.0
au,17/07/2025,GT insurance,Accounts Payable (A/P),-3000.0
au,15/07/2025,Stephen Inner West Smash Repairs Pty Ltd,Accounts Payable (A/P),-440.0
au,15/07/2025,Stephen Inner West Smash Repairs Pty Ltd,Accounts Payable (A/P),-2750.0
au,14/07/2025,Stephen Inner West Smash Repairs Pty Ltd,Accounts Payable (A/P),-5000.0
au,09/07/2025,Focussed Assessing Pty Ltd,Accounts Payable (A/P),-165.0
au,09/07/2025,Focussed Assessing Pty Ltd,Accounts Payable (A/P),-165.0
au,09/07/2025,U R Drive,Accounts Payable (A/P),-2750.0
au,09/07/2025,Top Dents,Accounts Payable (A/P),-2000.0
au,09/07/2025,Top Dents,Accounts Payable (A/P),-2800.0
au,09/07/2025,Top Dents,Accounts Payable (A/P),-1655.0
au,09/07/2025,MELBOURNE PRESTIGE CENTRE,Accounts Payable (A/P),-5000.0
au,09/07/2025,Focussed Assessing Pty Ltd,Accounts Payable (A/P),-220.0
au,09/07/2025,Focussed Assessing Pty Ltd,Accounts Payable (A/P),-165.0
au,09/07/2025,Focussed Assessing Pty Ltd,Accounts Payable (A/P),-220.0
au,09/07/2025,Focussed Assessing Pty Ltd,Accounts Payable (A/P),-165.0
au,09/07/2025,Focussed Assessing Pty Ltd,Accounts Payable (A/P),-165.0
au,09/07/2025,Focussed Assessing Pty Ltd,Accounts Payable (A/P),-165.0
au,09/07/2025,Focussed Assessing Pty Ltd,Accounts Payable (A/P),-220.0
au,09/07/2025,Focussed Assessing Pty Ltd,Accounts Payable (A/P),-165.0
au,09/07/2025,Focussed Assessing Pty Ltd,Accounts Payable (A/P),-165.0
au,09/07/2025,Focussed Assessing Pty Ltd,Accounts Payable (A/P),-220.0
au,09/07/2025,Focussed Assessing Pty Ltd,Accounts Payable (A/P),-165.0
au,09/07/2025,Focussed Assessing Pty Ltd,Accounts Payable (A/P),-220.0
au,09/07/2025,Focussed Assessing Pty Ltd,Accounts Payable (A/P),-165.0
au,09/07/2025,Focussed Assessing Pty Ltd,Accounts Payable (A/P),-165.0
au,09/07/2025,Focussed Assessing Pty Ltd,Accounts Payable (A/P),-220.0
au,04/07/2025,SentriLock,Accounts Payable (A/P),-2292.24
au,03/07/2025,Harveys Towing Service,Accounts Payable (A/P),-1560.8
au,03/07/2025,Pack & Send,Accounts Payable (A/P),-7507.5
au,03/07/2025,SentriLock,Accounts Payable (A/P),-1637.03
au,03/07/2025,SentriLock,Accounts Payable (A/P),-1600.79
au,03/07/2025,Pack & Send,Accounts Payable (A/P),-838.49
au,03/07/2025,Pack & Send,Accounts Payable (A/P),-946.16
au,03/07/2025,Pack & Send,Accounts Payable (A/P),-543.49
au,03/07/2025,Pack & Send,Accounts Payable (A/P),-661.7
au,02/07/2025,Rohde Smash Repair,Accounts Payable (A/P),-1773.15
au,02/07/2025,Rohde Smash Repair,Accounts Payable (A/P),-1815.0
au,02/07/2025,Rohde Smash Repair,Accounts Payable (A/P),-1815.0
au,02/07/2025,Rohde Smash Repair,Accounts Payable (A/P),-4840.0
au,02/07/2025,Rohde Smash Repair,Accounts Payable (A/P),-2021.25
au,02/07/2025,MELBOURNE PRESTIGE CENTRE,Accounts Payable (A/P),-2750.0
au,02/07/2025,MELBOURNE PRESTIGE CENTRE,Accounts Payable (A/P),-5000.0
au,27/06/2025,GT insurance,Accounts Payable (A/P),-2000.0
au,27/06/2025,GT insurance,Accounts Payable (A/P),-5000.0
au,27/06/2025,GT insurance,Accounts Payable (A/P),-300.0
au,26/06/2025,ACE,Accounts Payable (A/P),-1100.0
au,26/06/2025,Penguin Risk Solutions,Accounts Payable (A/P),-82274.34
au,25/06/2025,Collision Towing & Recovery Services,Accounts Payable (A/P),-3619.0
au,25/06/2025,GT insurance,Accounts Payable (A/P),-300.0
au,18/06/2025,Thinxtra,Accounts Payable (A/P),-20279.03
au,11/06/2025,Monash Storage and Towing,Accounts Payable (A/P),-1655.4
au,11/06/2025,GT insurance,Accounts Payable (A/P),-5000.0
au,11/06/2025,Bris Towing,Accounts Payable (A/P),-99.0
au,06/06/2025,Collision Towing & Recovery Services,Accounts Payable (A/P),-1308.2
au,06/06/2025,Humax,Accounts Payable (A/P),-20460.86
au,02/06/2025,Illion,Accounts Payable (A/P),-4005.53
au,02/06/2025,U R Drive,Accounts Payable (A/P),-2750.0
au,02/06/2025,U R Drive,Accounts Payable (A/P),-2750.0
au,29/05/2025,Top Dents,Accounts Payable (A/P),-2468.4
au,29/05/2025,CDC Australia,Accounts Payable (A/P),-3000.0
au,29/05/2025,Top Dents,Accounts Payable (A/P),-1000.0
au,29/05/2025,Top Dents,Accounts Payable (A/P),-1000.0
au,28/05/2025,Anytime Towing Service Pty Ltd,Accounts Payable (A/P),-2070.0
au,22/05/2025,MELBOURNE PRESTIGE CENTRE,Accounts Payable (A/P),-5000.0
au,19/05/2025,GT insurance,Accounts Payable (A/P),-2000.0
au,16/05/2025,RACQ,Accounts Payable (A/P),-6115.81
au,16/05/2025,RACQ,Accounts Payable (A/P),-2065.01
au,16/05/2025,RACQ,Accounts Payable (A/P),-400.0
au,16/05/2025,RACQ,Accounts Payable (A/P),-480.0
au,16/05/2025,RACQ,Accounts Payable (A/P),-200.0
au,15/05/2025,Illion,Accounts Payable (A/P),-3313.08
au,14/05/2025,Springfield gates,Accounts Payable (A/P),-440.0
au,13/05/2025,CDC Australia,Accounts Payable (A/P),-25122.41
au,09/05/2025,Thinxtra,Accounts Payable (A/P),-22182.11
au,08/05/2025,1ST CLASS TOWING PTY LTD,Accounts Payable (A/P),-1135.77
au,08/05/2025,ACE,Accounts Payable (A/P),-1100.0
au,08/05/2025,ACE,Accounts Payable (A/P),-1210.0
au,08/05/2025,ACE,Accounts Payable (A/P),-907.5
au,08/05/2025,ACT Collision Management,Accounts Payable (A/P),-140.0
au,08/05/2025,Collision Towing & Recovery Services,Accounts Payable (A/P),-440.0
au,08/05/2025,MELBOURNE PRESTIGE CENTRE,Accounts Payable (A/P),-5000.0
au,08/05/2025,Pack & Send,Accounts Payable (A/P),-10868.9
au,08/05/2025,South East Smash,Accounts Payable (A/P),-2825.6
au,08/05/2025,Stephen Inner West Smash Repairs Pty Ltd,Accounts Payable (A/P),-3080.0
au,08/05/2025,Sydney Transport Provider,Accounts Payable (A/P),-440.0
au,08/05/2025,Rohde Smash Repair,Accounts Payable (A/P),-3000.0
au,08/05/2025,John Clough Auto Trim,Accounts Payable (A/P),-220.0
au,08/05/2025,GT insurance,Accounts Payable (A/P),-2500.0
au,08/05/2025,GT insurance,Accounts Payable (A/P),-2000.0
au,08/05/2025,GT insurance,Accounts Payable (A/P),-5000.0
au,28/04/2025,Autorola,Accounts Payable (A/P),-814.37
au,28/04/2025,Bird & Bird,Accounts Payable (A/P),-1850.0
au,28/04/2025,Gardenstate Towing,Accounts Payable (A/P),-836.0
au,28/04/2025,GT insurance,Accounts Payable (A/P),-2000.0
au,28/04/2025,TNA Towing Pty Ltd,Accounts Payable (A/P),-1200.0
au,28/04/2025,GT insurance,Accounts Payable (A/P),-2000.0
au,28/04/2025,GT insurance,Accounts Payable (A/P),-2500.0
au,23/04/2025,Humax,Accounts Payable (A/P),-20385.15
au,22/04/2025,Penguin Risk Solutions,Accounts Payable (A/P),-82274.34
au,15/04/2025,Illion,Accounts Payable (A/P),-10982.41
au,15/04/2025,Watterson,Accounts Payable (A/P),-2276.34
au,15/04/2025,Watterson,Accounts Payable (A/P),-4703.22
au,15/04/2025,Pack & Send,Accounts Payable (A/P),-7507.5
au,15/04/2025,Pack & Send,Accounts Payable (A/P),-7507.5
au,15/04/2025,Pack & Send,Accounts Payable (A/P),-1198.55
au,15/04/2025,Pack & Send,Accounts Payable (A/P),-7507.5
au,15/04/2025,GT insurance,Accounts Payable (A/P),-2000.0
au,15/04/2025,GT insurance,Accounts Payable (A/P),-2000.0
au,14/04/2025,MELBOURNE PRESTIGE CENTRE,Accounts Payable (A/P),-2970.0
au,14/04/2025,Pack & Send,Accounts Payable (A/P),-1933.71
au,14/04/2025,GT insurance,Accounts Payable (A/P),-2000.0
au,08/04/2025,1 Key Locksmiths,Accounts Payable (A/P),-7650.0
au,07/04/2025,Digital matter,Accounts Payable (A/P),-999.62
au,07/04/2025,Digital matter,Accounts Payable (A/P),-975.24
au,07/04/2025,Digital matter,Accounts Payable (A/P),-950.22
au,03/04/2025,Bytchenkov Pty Ltd,Accounts Payable (A/P),-440.0
au,03/04/2025,Bytchenkov Pty Ltd,Accounts Payable (A/P),-440.0
au,03/04/2025,Collision Towing & Recovery Services,Accounts Payable (A/P),-337.04
au,03/04/2025,Collision Towing & Recovery Services,Accounts Payable (A/P),-552.2
au,03/04/2025,NORMAN CHAN,Accounts Payable (A/P),-1419.0
au,03/04/2025,SHARPS,Accounts Payable (A/P),-663.25
au,03/04/2025,Stephen Inner West Smash Repairs Pty Ltd,Accounts Payable (A/P),-3600.0
au,03/04/2025,Sydney Transport Provider,Accounts Payable (A/P),-440.0
au,03/04/2025,GT insurance,Accounts Payable (A/P),-300.0
au,03/04/2025,GT insurance,Accounts Payable (A/P),-2000.0
au,03/04/2025,Focussed Assessing Pty Ltd,Accounts Payable (A/P),-330.0
au,03/04/2025,Focussed Assessing Pty Ltd,Accounts Payable (A/P),-330.0
au,03/04/2025,Focussed Assessing Pty Ltd,Accounts Payable (A/P),-165.0
au,03/04/2025,Aura Towing,Accounts Payable (A/P),-154.0
au,03/04/2025,J&D Quality Smash Repairs,Accounts Payable (A/P),-2692.8
au,03/04/2025,J&D Quality Smash Repairs,Accounts Payable (A/P),-3523.85
au,03/04/2025,J&D Quality Smash Repairs,Accounts Payable (A/P),-2824.25
au,03/04/2025,Focussed Assessing Pty Ltd,Accounts Payable (A/P),-220.0
au,03/04/2025,Focussed Assessing Pty Ltd,Accounts Payable (A/P),-165.0
au,03/04/2025,Focussed Assessing Pty Ltd,Accounts Payable (A/P),-165.0
au,03/04/2025,Focussed Assessing Pty Ltd,Accounts Payable (A/P),-165.0
au,03/04/2025,Focussed Assessing Pty Ltd,Accounts Payable (A/P),-220.0
au,01/04/2025,Pack & Send,Accounts Payable (A/P),-660.0
au,01/04/2025,Watterson,Accounts Payable (A/P),-2500.0
au,01/04/2025,Watterson,Accounts Payable (A/P),-6927.47
au,01/04/2025,Penguin Risk Solutions,Accounts Payable (A/P),-82384.34
au,31/03/2025,Illion,Accounts Payable (A/P),-3846.7
au,31/03/2025,Illion,Accounts Payable (A/P),-168.97
au,31/03/2025,Illion,Accounts Payable (A/P),-1100.0
au,31/03/2025,Illion,Accounts Payable (A/P),-80.69
au,31/03/2025,Pack & Send,Accounts Payable (A/P),-993.3
au,31/03/2025,SentriLock,Accounts Payable (A/P),-1781.14
au,31/03/2025,CDC Australia,Accounts Payable (A/P),-33918.4
au,31/03/2025,GT insurance,Accounts Payable (A/P),-170.0
au,31/03/2025,GT insurance,Accounts Payable (A/P),-2300.0
au,31/03/2025,GT insurance,Accounts Payable (A/P),-2300.0
au,31/03/2025,GT insurance,Accounts Payable (A/P),-3300.0
au,31/03/2025,Pack & Send,Accounts Payable (A/P),-1287.24
au,31/03/2025,Pack & Send,Accounts Payable (A/P),-1548.39
au,29/03/2025,Bird & Bird,Accounts Payable (A/P),-8880.63
au,29/03/2025,Thinxtra,Accounts Payable (A/P),-19009.38
au,28/03/2025,Bird & Bird,Accounts Payable (A/P),-8000.0
au,28/03/2025,Humax,Accounts Payable (A/P),-20806.23
au,27/03/2025,Humax,Accounts Payable (A/P),-12413.44
au,26/03/2025,GT insurance,Accounts Payable (A/P),-300.0
au,25/03/2025,Focussed Assessing Pty Ltd,Accounts Payable (A/P),-330.0
au,25/03/2025,Focussed Assessing Pty Ltd,Accounts Payable (A/P),-330.0
au,25/03/2025,Focussed Assessing Pty Ltd,Accounts Payable (A/P),-330.0
au,25/03/2025,Focussed Assessing Pty Ltd,Accounts Payable (A/P),-330.0
au,25/03/2025,Focussed Assessing Pty Ltd,Accounts Payable (A/P),-330.0
au,25/03/2025,Focussed Assessing Pty Ltd,Accounts Payable (A/P),-330.0
au,25/03/2025,Focussed Assessing Pty Ltd,Accounts Payable (A/P),-330.0
au,25/03/2025,Focussed Assessing Pty Ltd,Accounts Payable (A/P),-165.0
au,25/03/2025,Focussed Assessing Pty Ltd,Accounts Payable (A/P),-220.0
au,25/03/2025,Focussed Assessing Pty Ltd,Accounts Payable (A/P),-220.0
au,25/03/2025,Focussed Assessing Pty Ltd,Accounts Payable (A/P),-220.0
au,25/03/2025,Focussed Assessing Pty Ltd,Accounts Payable (A/P),-220.0
au,25/03/2025,Focussed Assessing Pty Ltd,Accounts Payable (A/P),-330.0
au,25/03/2025,Focussed Assessing Pty Ltd,Accounts Payable (A/P),-165.0
au,21/03/2025,GT insurance,Accounts Payable (A/P),-1000.0
au,21/03/2025,Thinxtra,Accounts Payable (A/P),-18715.48
au,17/03/2025,Collision Towing & Recovery Services,Accounts Payable (A/P),-425.7
au,15/03/2025,Humax,Accounts Payable (A/P),-7904.51
au,15/03/2025,Penguin Risk Solutions,Accounts Payable (A/P),-64323.21
au,14/03/2025,U R Drive,Accounts Payable (A/P),-2750.0
au,11/03/2025,Clayton Towing,Accounts Payable (A/P),-2625.96
au,11/03/2025,MELBOURNE PRESTIGE CENTRE,Accounts Payable (A/P),-1281.5
au,11/03/2025,Mill Park Towing Service,Accounts Payable (A/P),-3603.6
au,11/03/2025,Top Dents,Accounts Payable (A/P),-3583.65
au,11/03/2025,Focussed Assessing Pty Ltd,Accounts Payable (A/P),-165.0
au,11/03/2025,Focussed Assessing Pty Ltd,Accounts Payable (A/P),-165.0
au,11/03/2025,Focussed Assessing Pty Ltd,Accounts Payable (A/P),-165.0
au,11/03/2025,Focussed Assessing Pty Ltd,Accounts Payable (A/P),-220.0
au,07/03/2025,GT insurance,Accounts Payable (A/P),-2000.0
au,06/03/2025,TNA Towing Pty Ltd,Accounts Payable (A/P),-2820.0
au,06/03/2025,TNA Towing Pty Ltd,Accounts Payable (A/P),-178.0
au,06/03/2025,Penguin Risk Solutions,Accounts Payable (A/P),-28637.07
au,06/03/2025,GT insurance,Accounts Payable (A/P),-300.0
au,06/03/2025,JD Windscreen,Accounts Payable (A/P),-495.0
au,05/03/2025,Penguin Risk Solutions,Accounts Payable (A/P),-15354.71
au,28/02/2025,Collision Towing & Recovery Services,Accounts Payable (A/P),-185.9
au,28/02/2025,GT insurance,Accounts Payable (A/P),-300.0
au,28/02/2025,Harveys Towing Service,Accounts Payable (A/P),-5539.05
au,28/02/2025,NORMAN CHAN,Accounts Payable (A/P),-1144.0
au,28/02/2025,NORMAN CHAN,Accounts Payable (A/P),-814.0
au,28/02/2025,Pack & Send,Accounts Payable (A/P),-321.42
au,28/02/2025,GT insurance,Accounts Payable (A/P),-2000.0
au,28/02/2025,GT insurance,Accounts Payable (A/P),-2000.0
au,28/02/2025,GT insurance,Accounts Payable (A/P),-2000.0
au,28/02/2025,Pack & Send,Accounts Payable (A/P),-2374.13
au,28/02/2025,Pack & Send,Accounts Payable (A/P),-612.2
au,28/02/2025,Pack & Send,Accounts Payable (A/P),-804.59
au,28/02/2025,Pack & Send,Accounts Payable (A/P),-8497.5
au,28/02/2025,NSC Towing,Accounts Payable (A/P),-731.5
au,28/02/2025,City Toyota,Accounts Payable (A/P),-862.93
au,28/02/2025,Top Dents,Accounts Payable (A/P),-1500.0
au,28/02/2025,Top Dents,Accounts Payable (A/P),-1000.0
au,26/02/2025,1 Key Locksmiths,Accounts Payable (A/P),-4850.0
au,26/02/2025,1 Key Locksmiths,Accounts Payable (A/P),-2600.0
au,26/02/2025,NCIS,Accounts Payable (A/P),-3738.0
au,25/02/2025,Collision Towing & Recovery Services,Accounts Payable (A/P),-208.0
au,25/02/2025,MELBOURNE PRESTIGE CENTRE,Accounts Payable (A/P),-2915.0
au,25/02/2025,MELBOURNE PRESTIGE CENTRE,Accounts Payable (A/P),-880.0
au,25/02/2025,MELBOURNE PRESTIGE CENTRE,Accounts Payable (A/P),-1780.0
au,25/02/2025,MELBOURNE PRESTIGE CENTRE,Accounts Payable (A/P),-950.4
au,25/02/2025,MELBOURNE PRESTIGE CENTRE,Accounts Payable (A/P),-1815.0
au,25/02/2025,MELBOURNE PRESTIGE CENTRE,Accounts Payable (A/P),-363.0
au,25/02/2025,MELBOURNE PRESTIGE CENTRE,Accounts Payable (A/P),-2950.0
au,21/02/2025,NCIS,Accounts Payable (A/P),-10000.0
au,20/02/2025,Collision Towing & Recovery Services,Accounts Payable (A/P),-228.8
au,20/02/2025,GWS CHADSTONE PTY LTD,Accounts Payable (A/P),-1027.93
au,19/02/2025,RACQ,Accounts Payable (A/P),-2783.48
au,19/02/2025,RACQ,Accounts Payable (A/P),-2775.34
au,19/02/2025,RACQ,Accounts Payable (A/P),-2955.01
au,19/02/2025,RACQ,Accounts Payable (A/P),-4134.97
au,19/02/2025,RACQ,Accounts Payable (A/P),-3922.99
au,19/02/2025,RACQ,Accounts Payable (A/P),-100.0
au,19/02/2025,RACQ,Accounts Payable (A/P),-3787.56
au,18/02/2025,GT insurance,Accounts Payable (A/P),-2000.0
au,18/02/2025,GT insurance,Accounts Payable (A/P),-2000.0
au,18/02/2025,GT insurance,Accounts Payable (A/P),-2000.0
au,18/02/2025,GT insurance,Accounts Payable (A/P),-2000.0
au,17/02/2025,Pack & Send,Accounts Payable (A/P),-1566.36
au,17/02/2025,Pack & Send,Accounts Payable (A/P),-599.06
au,17/02/2025,Pack & Send,Accounts Payable (A/P),-470.87
au,17/02/2025,Pack & Send,Accounts Payable (A/P),-423.4
au,17/02/2025,Pack & Send,Accounts Payable (A/P),-470.58
au,17/02/2025,Pack & Send,Accounts Payable (A/P),-913.15
au,17/02/2025,Pack & Send,Accounts Payable (A/P),-7507.5
au,13/02/2025,U R Drive,Accounts Payable (A/P),-8800.0
au,11/02/2025,1 Key Locksmiths,Accounts Payable (A/P),-4900.0
au,11/02/2025,1 Key Locksmiths,Accounts Payable (A/P),-3200.0
au,11/02/2025,Connect Repair Logistics,Accounts Payable (A/P),-1210.0
au,11/02/2025,Rohde Smash Repair,Accounts Payable (A/P),-2987.38
au,11/02/2025,MELBOURNE PRESTIGE CENTRE,Accounts Payable (A/P),-1980.0
au,11/02/2025,Focussed Assessing Pty Ltd,Accounts Payable (A/P),-1375.0
au,10/02/2025,AAAC Towing Pty Ltd,Accounts Payable (A/P),-1215.7
au,10/02/2025,ACE,Accounts Payable (A/P),-1815.0
au,10/02/2025,ACE,Accounts Payable (A/P),-1391.5
au,10/02/2025,BM Precision Paint works,Accounts Payable (A/P),-1572.0
au,10/02/2025,GT insurance,Accounts Payable (A/P),-2000.0
au,10/02/2025,GT insurance,Accounts Payable (A/P),-600.0
au,10/02/2025,GT insurance,Accounts Payable (A/P),-2000.0
au,10/02/2025,GT insurance,Accounts Payable (A/P),-2000.0
au,10/02/2025,Mill Park Towing Service,Accounts Payable (A/P),-3344.0
au,10/02/2025,NORMAN CHAN,Accounts Payable (A/P),-1089.0
au,10/02/2025,GT insurance,Accounts Payable (A/P),-2000.0
au,10/02/2025,GT insurance,Accounts Payable (A/P),-2000.0
au,10/02/2025,GT insurance,Accounts Payable (A/P),-2000.0
au,10/02/2025,GT insurance,Accounts Payable (A/P),-2000.0
au,10/02/2025,GT insurance,Accounts Payable (A/P),-2000.0
au,10/02/2025,GT insurance,Accounts Payable (A/P),-2000.0
au,10/02/2025,GT insurance,Accounts Payable (A/P),-2000.0
au,10/02/2025,GT insurance,Accounts Payable (A/P),-1000.0
au,05/02/2025,Penguin Risk Solutions,Accounts Payable (A/P),-40388.21
au,04/02/2025,Thinxtra,Accounts Payable (A/P),-18758.61
au,04/02/2025,Penguin Risk Solutions,Accounts Payable (A/P),-50000.0
au,01/02/2025,Keydup Locksmiths,Accounts Payable (A/P),-18080.0
au,30/01/2025,NCIS,Accounts Payable (A/P),-10000.0
au,24/01/2025,GT insurance,Accounts Payable (A/P),-2000.0
au,24/01/2025,GT insurance,Accounts Payable (A/P),-2000.0
au,24/01/2025,GT insurance,Accounts Payable (A/P),-2300.0
au,24/01/2025,Top Dents,Accounts Payable (A/P),-2539.68
au,24/01/2025,Top Dents,Accounts Payable (A/P),-1000.0
au,24/01/2025,GT insurance,Accounts Payable (A/P),-2000.0
au,24/01/2025,GT insurance,Accounts Payable (A/P),-2000.0
au,24/01/2025,GT insurance,Accounts Payable (A/P),-2000.0
au,24/01/2025,GT insurance,Accounts Payable (A/P),-2000.0
au,23/01/2025,RACQ,Accounts Payable (A/P),-1079.99
au,23/01/2025,RACQ,Accounts Payable (A/P),-480.0
au,23/01/2025,RACQ,Accounts Payable (A/P),-1025.01
au,23/01/2025,GT insurance,Accounts Payable (A/P),-2000.0
au,21/01/2025,Cedar towing,Accounts Payable (A/P),-500.0
au,21/01/2025,GT insurance,Accounts Payable (A/P),-2000.0
au,20/01/2025,Auto Tech Locksmiths,Accounts Payable (A/P),-3300.0
au,20/01/2025,Auto Tech Locksmiths,Accounts Payable (A/P),-3520.0
au,20/01/2025,Auto Tech Locksmiths,Accounts Payable (A/P),-3905.0
au,20/01/2025,Auto Tech Locksmiths,Accounts Payable (A/P),-3635.5
au,20/01/2025,Auto Tech Locksmiths,Accounts Payable (A/P),-1430.0
au,20/01/2025,SEMITS SMASH REPAIRS PTY LTD,Accounts Payable (A/P),-5725.42
au,17/01/2025,NORMAN CHAN,Accounts Payable (A/P),-1133.0
au,15/01/2025,Illion,Accounts Payable (A/P),-148.5
au,15/01/2025,TNA Towing Pty Ltd,Accounts Payable (A/P),-667.0
au,03/01/2025,Rohde Smash Repair,Accounts Payable (A/P),-2805.89
au,03/01/2025,GT insurance,Accounts Payable (A/P),-2000.0
au,03/01/2025,GT insurance,Accounts Payable (A/P),-2000.0
au,03/01/2025,GT insurance,Accounts Payable (A/P),-2000.0
au,03/01/2025,GT insurance,Accounts Payable (A/P),-2000.0
au,03/01/2025,GT insurance,Accounts Payable (A/P),-2000.0
au,03/01/2025,GT insurance,Accounts Payable (A/P),-2000.0
au,03/01/2025,GT insurance,Accounts Payable (A/P),-2000.0
au,03/01/2025,GT insurance,Accounts Payable (A/P),-2000.0
au,02/01/2025,ACE,Accounts Payable (A/P),-3278.0
au,02/01/2025,ACE,Accounts Payable (A/P),-2530.0
au,02/01/2025,Action Towing Pty Ltd,Accounts Payable (A/P),-1020.79
au,24/12/2024,Thinxtra,Accounts Payable (A/P),-17569.09
au,24/12/2024,SentriLock,Accounts Payable (A/P),-2195.18
au,23/12/2024,GT insurance,Accounts Payable (A/P),-2000.0
au,20/12/2024,NORMAN CHAN,Accounts Payable (A/P),-1254.0
au,20/12/2024,NORMAN CHAN,Accounts Payable (A/P),-627.0
au,20/12/2024,NORMAN CHAN,Accounts Payable (A/P),-297.0
au,20/12/2024,NORMAN CHAN,Accounts Payable (A/P),-1133.0
au,18/12/2024,Illion,Accounts Payable (A/P),-132.0
au,16/12/2024,NCIS,Accounts Payable (A/P),-1980.0
au,16/12/2024,NCIS,Accounts Payable (A/P),-1760.0
au,16/12/2024,NCIS,Accounts Payable (A/P),-385.0
au,16/12/2024,NCIS,Accounts Payable (A/P),-1210.0
au,16/12/2024,NCIS,Accounts Payable (A/P),-1045.0
au,16/12/2024,NCIS,Accounts Payable (A/P),-3575.0
au,16/12/2024,NCIS,Accounts Payable (A/P),-1650.0
au,16/12/2024,NCIS,Accounts Payable (A/P),-275.0
au,16/12/2024,NCIS,Accounts Payable (A/P),-715.0
au,16/12/2024,NCIS,Accounts Payable (A/P),-1342.0
au,16/12/2024,U R Drive,Accounts Payable (A/P),-8800.0
au,16/12/2024,NCIS,Accounts Payable (A/P),-275.0
au,16/12/2024,NCIS,Accounts Payable (A/P),-1045.0
au,16/12/2024,GT insurance,Accounts Payable (A/P),-2350.0
au,16/12/2024,GT insurance,Accounts Payable (A/P),-2000.0
au,11/12/2024,U R Drive,Accounts Payable (A/P),-8800.0
au,05/12/2024,CDC Australia,Accounts Payable (A/P),-47789.6
au,05/12/2024,GT insurance,Accounts Payable (A/P),-2300.0
au,02/12/2024,Rebel Print Studio,Accounts Payable (A/P),-1028.5
au,29/11/2024,Pack & Send,Accounts Payable (A/P),-3159.5
au,29/11/2024,Pack & Send,Accounts Payable (A/P),-13165.9
au,29/11/2024,Pack & Send,Accounts Payable (A/P),-8478.0
au,28/11/2024,Illion,Accounts Payable (A/P),-533.5
au,25/11/2024,Defiant,Accounts Payable (A/P),-3976.89
au,23/11/2024,Cedar towing,Accounts Payable (A/P),-660.0
au,23/11/2024,SNN Smash repairs,Accounts Payable (A/P),-1980.0
au,21/11/2024,Sydney Transport Provider,Accounts Payable (A/P),-869.66
au,20/11/2024,Common Design Pty Ltd,Accounts Payable (A/P),-704.0
au,20/11/2024,Thinxtra,Accounts Payable (A/P),-22762.54
au,19/11/2024,JustCo (Australia Onshore) Pty Ltd,Accounts Payable (A/P),-14880.0
au,19/11/2024,AUSTRALIAN TAXATION OFFICE,Accounts Payable (A/P),-5592.54
au,16/11/2024,GT insurance,Accounts Payable (A/P),-2000.0
au,15/11/2024,Mycar,Accounts Payable (A/P),-3471.97
au,15/11/2024,Digital Matter Pty Ltd,Accounts Payable (A/P),-957.6
au,15/11/2024,Digital Matter Pty Ltd,Accounts Payable (A/P),-853.84
au,11/11/2024,GT insurance,Accounts Payable (A/P),-2000.0
au,07/11/2024,Radaro Australia Pty Ltd,Accounts Payable (A/P),-1529.0
au,05/11/2024,NORMAN CHAN,Accounts Payable (A/P),-924.0
au,02/11/2024,CDC Australia,Accounts Payable (A/P),-48075.2
au,01/11/2024,Defiant,Accounts Payable (A/P),-10996.7
au,23/10/2024,SHEENGROUP TOWING PTY LTD,Accounts Payable (A/P),-187.0
au,22/10/2024,Thinxtra,Accounts Payable (A/P),-280.54
au,22/10/2024,Thinxtra,Accounts Payable (A/P),-414.7
au,17/10/2024,Abwin Leasing,Accounts Payable (A/P),-1736.52
au,09/10/2024,NCIS,Accounts Payable (A/P),-1122.0
au,09/10/2024,NORMAN CHAN,Accounts Payable (A/P),-1023.0
au,04/10/2024,CDC Australia,Accounts Payable (A/P),-42823.2
au,04/10/2024,Defiant,Accounts Payable (A/P),-495.0
au,01/10/2024,Defiant,Accounts Payable (A/P),-10996.7
au,26/09/2024,WORKCOVER QUEENSLAND,Accounts Payable (A/P),-517.89
au,24/09/2024,PSC Connect Pty Ltd,Accounts Payable (A/P),-25377.33
au,20/09/2024,Christopher J Malan,Accounts Payable (A/P),-2750.0
au,19/09/2024,Defiant,Accounts Payable (A/P),-495.0
au,13/09/2024,Tweed Byron Towing,Accounts Payable (A/P),-521.4
au,10/09/2024,JustCo (Australia Onshore) Pty Ltd,Accounts Payable (A/P),-0.66
au,09/09/2024,Bytchenkov Pty Ltd,Accounts Payable (A/P),-2970.0
au,09/09/2024,Drive Accident Solutions,Accounts Payable (A/P),-7865.54
au,06/09/2024,Bytchenkov Pty Ltd,Accounts Payable (A/P),-2860.0
au,05/09/2024,CDC Australia,Accounts Payable (A/P),-42192.0
au,27/08/2024,Illion,Accounts Payable (A/P),-187.0
au,27/08/2024,Granville Collision Centre,Accounts Payable (A/P),-970.0
au,15/08/2024,Digital matter,Accounts Payable (A/P),-1644.32
au,06/08/2024,RACQ,Accounts Payable (A/P),-5220.0
au,30/07/2024,CDC Australia,Accounts Payable (A/P),-42033.6
au,30/07/2024,CDC Australia,Accounts Payable (A/P),-3000.0
au,16/07/2024,ACE,Accounts Payable (A/P),-2282.5
au,12/07/2024,Rohde Smash Repair,Accounts Payable (A/P),-3059.1
au,11/07/2024,AUSTRALIAN TAXATION OFFICE,Accounts Payable (A/P),-2335.73
au,11/07/2024,RACQ,Accounts Payable (A/P),-349.67
au,10/07/2024,RACQ,Accounts Payable (A/P),-519.5
au,08/07/2024,Defiant,Accounts Payable (A/P),-6596.7
au,08/07/2024,Digital matter,Accounts Payable (A/P),-819.91
au,26/06/2024,PSC Connect Pty Ltd,Accounts Payable (A/P),-14115.86
au,24/06/2024,Inner West Towing,Accounts Payable (A/P),-804.1
au,19/06/2024,CDC Australia,Accounts Payable (A/P),-41144.8
au,18/06/2024,Bytchenkov Pty Ltd,Accounts Payable (A/P),-2265.0
au,15/06/2024,Granville Collision Centre,Accounts Payable (A/P),-1100.0
au,05/06/2024,RACQ,Accounts Payable (A/P),-501.0
au,03/06/2024,RACQ,Accounts Payable (A/P),-240.0
au,30/05/2024,Digital matter,Accounts Payable (A/P),-806.83
au,30/05/2024,Digital matter,Accounts Payable (A/P),-822.09
au,28/05/2024,Rohde Smash Repair,Accounts Payable (A/P),-2513.58
au,27/05/2024,AUSTRALIAN SECURITIES  INVESTMENTS COMMISSION,Accounts Payable (A/P),-20.0
au,21/05/2024,CDC Australia,Accounts Payable (A/P),-37736.0
au,14/05/2024,GWS CHADSTONE PTY LTD,Accounts Payable (A/P),-210.0
au,11/05/2024,Illion,Accounts Payable (A/P),-159.5
au,11/05/2024,Illion,Accounts Payable (A/P),-165.0
au,11/05/2024,Illion,Accounts Payable (A/P),-170.5
au,20/04/2024,ACE,Accounts Payable (A/P),-1182.5
au,20/04/2024,CDC Australia,Accounts Payable (A/P),-35469.94
au,17/04/2024,Greg Giraud,Accounts Payable (A/P),-1845.0
au,08/04/2024,Digital matter,Accounts Payable (A/P),-758.35
au,25/03/2024,RACQ,Accounts Payable (A/P),-100.0
au,20/03/2024,West Melbourne Smash Repairs,Accounts Payable (A/P),-2240.13
au,20/03/2024,West Melbourne Smash Repairs,Accounts Payable (A/P),-1034.0
au,16/03/2024,CDC Australia,Accounts Payable (A/P),-26636.46
au,15/03/2024,South East Smash,Accounts Payable (A/P),-5009.45
au,09/03/2024,Digital matter,Accounts Payable (A/P),-711.73
au,04/03/2024,The Fleet Dr Pty Ltd,Accounts Payable (A/P),-880.0
au,19/02/2024,CDC Australia,Accounts Payable (A/P),-14602.45
au,07/02/2024,illion Australia Pty Ltd,Accounts Payable (A/P),-132.0
au,30/01/2024,RACQ,Accounts Payable (A/P),-120.0
au,30/01/2024,RACQ,Accounts Payable (A/P),-100.0
au,30/01/2024,RACQ,Accounts Payable (A/P),-310.0
au,30/01/2024,RACQ,Accounts Payable (A/P),-200.0
au,26/01/2024,Focussed Claims  Management,Accounts Payable (A/P),-385.0
au,13/01/2024,Six Films,Accounts Payable (A/P),-473.0
au,13/01/2024,Six Films,Accounts Payable (A/P),-440.0
au,13/01/2024,Six Films,Accounts Payable (A/P),-473.0
au,13/01/2024,Mister Minit Mobile,Accounts Payable (A/P),-91.66
au,09/01/2024,ACE,Accounts Payable (A/P),-2062.5
au,21/11/2023,Digital Matter Pty Ltd,Accounts Payable (A/P),-2561.63
au,19/10/2023,Focussed Claims  Management,Accounts Payable (A/P),-583.0
au,15/07/2023,Focussed Claims  Management,Accounts Payable (A/P),-517.0
au,20/02/2026,Altimobility Corp -,Accounts Payable (A/P) - USD,-14244.47
