entity,month,event_type,amount,currency,status
Australia Pty Ltd.,2026-01-01,deposit_refunds,-68450.00,AUD,STAGED
Australia Pty Ltd.,2026-01-01,deposits_received,37250.00,AUD,STAGED
Australia Pty Ltd.,2026-01-01,disputes,-1012.54,AUD,STAGED
Australia Pty Ltd.,2026-01-01,fuel_refunds,-18106.12,AUD,STAGED
Australia Pty Ltd.,2026-01-01,host_cleanliness_payout,1021.70,AUD,STAGED
Australia Pty Ltd.,2026-01-01,host_damage_payout,105432.21,AUD,STAGED
Australia Pty Ltd.,2026-01-01,host_excess_mileage_payout,3735.20,AUD,STAGED
Australia Pty Ltd.,2026-01-01,host_flexplus_payout,7718.45,AUD,STAGED
Australia Pty Ltd.,2026-01-01,host_fuel_charges_collected,24302.52,AUD,STAGED
Australia Pty Ltd.,2026-01-01,host_fuel_payout,774.95,AUD,STAGED
Australia Pty Ltd.,2026-01-01,host_misc_payout,19158.29,AUD,STAGED
Australia Pty Ltd.,2026-01-01,host_tolls_payout,4058.95,AUD,STAGED
Australia Pty Ltd.,2026-01-01,host_transfers_cash,-297064.91,AUD,STAGED
Australia Pty Ltd.,2026-01-01,host_trip_earnings,235020.40,AUD,STAGED
Australia Pty Ltd.,2026-01-01,incidentals_direct_revenue,356734.14,AUD,STAGED
Australia Pty Ltd.,2026-01-01,incidentals_invoiced,151382.11,AUD,STAGED
Australia Pty Ltd.,2026-01-01,incidentals_paid,40210.69,AUD,STAGED
Australia Pty Ltd.,2026-01-01,invoice_refunds,-8397.55,AUD,STAGED
Australia Pty Ltd.,2026-01-01,stripe_fees,14233.67,AUD,STAGED
Australia Pty Ltd.,2026-01-01,subscription_refunds,-2071.50,AUD,STAGED
Australia Pty Ltd.,2026-01-01,subscriptions_invoiced,63584.74,AUD,STAGED
Australia Pty Ltd.,2026-01-01,subscriptions_paid,52018.63,AUD,STAGED
Australia Pty Ltd.,2026-01-01,trip_charges,238533.23,AUD,STAGED
Australia Pty Ltd.,2026-01-01,trip_distance_cash_collected,64409.44,AUD,STAGED
Australia Pty Ltd.,2026-01-01,trip_distance_invoiced,62845.49,AUD,STAGED
Australia Pty Ltd.,2026-01-01,trip_distance_invoice_paid,49275.19,AUD,STAGED
Australia Pty Ltd.,2026-01-01,trip_refunds,-63589.99,AUD,STAGED
Australia Pty Ltd.,2026-01-01,trip_revenue_accrual,290765.82,AUD,STAGED
Australia Pty Ltd.,2026-01-01,verification_charge_received,2085.00,AUD,STAGED
Australia Pty Ltd.,2026-01-01,verification_refunds,-2087.00,AUD,STAGED
Australia Pty Ltd.,2026-02-01,deposit_refunds,-16650.00,AUD,STAGED
Australia Pty Ltd.,2026-02-01,deposits_received,15150.00,AUD,STAGED
Australia Pty Ltd.,2026-02-01,disputes,-6714.78,AUD,STAGED
Australia Pty Ltd.,2026-02-01,fuel_refunds,-2694.24,AUD,STAGED
Australia Pty Ltd.,2026-02-01,host_cleanliness_payout,5791.09,AUD,STAGED
Australia Pty Ltd.,2026-02-01,host_damage_payout,98390.56,AUD,STAGED
Australia Pty Ltd.,2026-02-01,host_excess_mileage_payout,9412.32,AUD,STAGED
Australia Pty Ltd.,2026-02-01,host_flexplus_payout,8084.05,AUD,STAGED
Australia Pty Ltd.,2026-02-01,host_fuel_charges_collected,5102.42,AUD,STAGED
Australia Pty Ltd.,2026-02-01,host_fuel_payout,1604.72,AUD,STAGED
Australia Pty Ltd.,2026-02-01,host_misc_payout,33820.56,AUD,STAGED
Australia Pty Ltd.,2026-02-01,host_referral_payout,3850.00,AUD,STAGED
Australia Pty Ltd.,2026-02-01,host_tolls_payout,7033.84,AUD,STAGED
Australia Pty Ltd.,2026-02-01,host_transfers_cash,-291025.37,AUD,STAGED
Australia Pty Ltd.,2026-02-01,host_trip_earnings,164859.91,AUD,STAGED
Australia Pty Ltd.,2026-02-01,incidentals_direct_revenue,323906.82,AUD,STAGED
Australia Pty Ltd.,2026-02-01,incidentals_invoiced,100438.54,AUD,STAGED
Australia Pty Ltd.,2026-02-01,incidentals_paid,43662.93,AUD,STAGED
Australia Pty Ltd.,2026-02-01,invoice_refunds,-8760.99,AUD,STAGED
Australia Pty Ltd.,2026-02-01,stripe_fees,12101.82,AUD,STAGED
Australia Pty Ltd.,2026-02-01,subscription_refunds,-2274.30,AUD,STAGED
Australia Pty Ltd.,2026-02-01,subscriptions_invoiced,50440.79,AUD,STAGED
Australia Pty Ltd.,2026-02-01,subscriptions_paid,40819.29,AUD,STAGED
Australia Pty Ltd.,2026-02-01,trip_charges,264917.63,AUD,STAGED
Australia Pty Ltd.,2026-02-01,trip_distance_cash_collected,24219.72,AUD,STAGED
Australia Pty Ltd.,2026-02-01,trip_distance_invoiced,18505.31,AUD,STAGED
Australia Pty Ltd.,2026-02-01,trip_distance_invoice_paid,7799.34,AUD,STAGED
Australia Pty Ltd.,2026-02-01,trip_refunds,-51890.65,AUD,STAGED
Australia Pty Ltd.,2026-02-01,trip_revenue_accrual,259492.90,AUD,STAGED
Australia Pty Ltd.,2026-02-01,verification_charge_received,1947.00,AUD,STAGED
Australia Pty Ltd.,2026-02-01,verification_refunds,-1947.00,AUD,STAGED
Australia Pty Ltd.,2026-03-01,deposit_refunds,-15250.00,AUD,STAGED
Australia Pty Ltd.,2026-03-01,deposits_received,12100.00,AUD,STAGED
Australia Pty Ltd.,2026-03-01,disputes,-6630.75,AUD,STAGED
Australia Pty Ltd.,2026-03-01,fuel_refunds,-358.34,AUD,STAGED
Australia Pty Ltd.,2026-03-01,host_cleanliness_payout,1100.00,AUD,STAGED
Australia Pty Ltd.,2026-03-01,host_damage_payout,20673.51,AUD,STAGED
Australia Pty Ltd.,2026-03-01,host_excess_mileage_payout,8669.51,AUD,STAGED
Australia Pty Ltd.,2026-03-01,host_flexplus_payout,10018.00,AUD,STAGED
Australia Pty Ltd.,2026-03-01,host_fuel_charges_collected,655.45,AUD,STAGED
Australia Pty Ltd.,2026-03-01,host_fuel_payout,2357.05,AUD,STAGED
Australia Pty Ltd.,2026-03-01,host_misc_payout,10846.70,AUD,STAGED
Australia Pty Ltd.,2026-03-01,host_referral_payout,24454.00,AUD,STAGED
Australia Pty Ltd.,2026-03-01,host_tolls_payout,12110.03,AUD,STAGED
Australia Pty Ltd.,2026-03-01,host_transfers_cash,-295700.11,AUD,STAGED
Australia Pty Ltd.,2026-03-01,host_trip_earnings,159522.85,AUD,STAGED
Australia Pty Ltd.,2026-03-01,incidentals_direct_revenue,331105.32,AUD,STAGED
Australia Pty Ltd.,2026-03-01,incidentals_invoiced,139372.24,AUD,STAGED
Australia Pty Ltd.,2026-03-01,incidentals_paid,44302.22,AUD,STAGED
Australia Pty Ltd.,2026-03-01,invoice_refunds,-2877.95,AUD,STAGED
Australia Pty Ltd.,2026-03-01,stripe_fees,12706.90,AUD,STAGED
Australia Pty Ltd.,2026-03-01,subscription_refunds,-923.29,AUD,STAGED
Australia Pty Ltd.,2026-03-01,subscriptions_invoiced,60121.83,AUD,STAGED
Australia Pty Ltd.,2026-03-01,subscriptions_paid,52059.30,AUD,STAGED
Australia Pty Ltd.,2026-03-01,trip_charges,286540.31,AUD,STAGED
Australia Pty Ltd.,2026-03-01,trip_distance_cash_collected,18539.62,AUD,STAGED
Australia Pty Ltd.,2026-03-01,trip_distance_invoiced,12041.03,AUD,STAGED
Australia Pty Ltd.,2026-03-01,trip_distance_invoice_paid,6311.03,AUD,STAGED
Australia Pty Ltd.,2026-03-01,trip_refunds,-40604.35,AUD,STAGED
Australia Pty Ltd.,2026-03-01,trip_revenue_accrual,289981.82,AUD,STAGED
Australia Pty Ltd.,2026-03-01,verification_charge_received,1252.00,AUD,STAGED
Australia Pty Ltd.,2026-03-01,verification_refunds,-1252.00,AUD,STAGED
Australia Pty Ltd.,2026-04-01,deposit_refunds,-8500.00,AUD,STAGED
Australia Pty Ltd.,2026-04-01,deposits_received,8550.00,AUD,STAGED
Australia Pty Ltd.,2026-04-01,disputes,-6845.74,AUD,STAGED
Australia Pty Ltd.,2026-04-01,fuel_refunds,-274.20,AUD,STAGED
Australia Pty Ltd.,2026-04-01,host_cleanliness_payout,1750.00,AUD,STAGED
Australia Pty Ltd.,2026-04-01,host_damage_payout,45036.00,AUD,STAGED
Australia Pty Ltd.,2026-04-01,host_excess_mileage_payout,4318.88,AUD,STAGED
Australia Pty Ltd.,2026-04-01,host_flexplus_payout,6985.00,AUD,STAGED
Australia Pty Ltd.,2026-04-01,host_fuel_charges_collected,1687.94,AUD,STAGED
Australia Pty Ltd.,2026-04-01,host_fuel_payout,2398.74,AUD,STAGED
Australia Pty Ltd.,2026-04-01,host_misc_payout,12024.29,AUD,STAGED
Australia Pty Ltd.,2026-04-01,host_referral_payout,2127.00,AUD,STAGED
Australia Pty Ltd.,2026-04-01,host_transfers_cash,-217725.17,AUD,STAGED
Australia Pty Ltd.,2026-04-01,host_trip_earnings,154962.46,AUD,STAGED
Australia Pty Ltd.,2026-04-01,incidentals_direct_revenue,286505.70,AUD,STAGED
Australia Pty Ltd.,2026-04-01,incidentals_invoiced,137682.34,AUD,STAGED
Australia Pty Ltd.,2026-04-01,incidentals_paid,46207.27,AUD,STAGED
Australia Pty Ltd.,2026-04-01,invoice_refunds,-2839.86,AUD,STAGED
Australia Pty Ltd.,2026-04-01,stripe_fees,11451.34,AUD,STAGED
Australia Pty Ltd.,2026-04-01,subscription_refunds,-1453.04,AUD,STAGED
Australia Pty Ltd.,2026-04-01,subscriptions_invoiced,61081.77,AUD,STAGED
Australia Pty Ltd.,2026-04-01,subscriptions_paid,51463.48,AUD,STAGED
Australia Pty Ltd.,2026-04-01,trip_charges,251791.28,AUD,STAGED
Australia Pty Ltd.,2026-04-01,trip_distance_cash_collected,14420.50,AUD,STAGED
Australia Pty Ltd.,2026-04-01,trip_distance_invoiced,13806.35,AUD,STAGED
Australia Pty Ltd.,2026-04-01,trip_distance_invoice_paid,5244.46,AUD,STAGED
Australia Pty Ltd.,2026-04-01,trip_refunds,-55349.93,AUD,STAGED
Australia Pty Ltd.,2026-04-01,trip_revenue_accrual,267230.91,AUD,STAGED
Australia Pty Ltd.,2026-04-01,verification_charge_received,915.00,AUD,STAGED
Australia Pty Ltd.,2026-04-01,verification_refunds,-915.00,AUD,STAGED
Australia Pty Ltd.,2026-05-01,deposit_refunds,-10250.00,AUD,STAGED
Australia Pty Ltd.,2026-05-01,deposits_received,9700.00,AUD,STAGED
Australia Pty Ltd.,2026-05-01,disputes,-21144.87,AUD,STAGED
Australia Pty Ltd.,2026-05-01,fuel_refunds,-220.37,AUD,STAGED
Australia Pty Ltd.,2026-05-01,host_cleanliness_payout,1050.00,AUD,STAGED
Australia Pty Ltd.,2026-05-01,host_damage_payout,44318.75,AUD,STAGED
Australia Pty Ltd.,2026-05-01,host_excess_mileage_payout,4185.72,AUD,STAGED
Australia Pty Ltd.,2026-05-01,host_flexplus_payout,6906.99,AUD,STAGED
Australia Pty Ltd.,2026-05-01,host_fuel_charges_collected,257.33,AUD,STAGED
Australia Pty Ltd.,2026-05-01,host_fuel_payout,4937.12,AUD,STAGED
Australia Pty Ltd.,2026-05-01,host_misc_payout,24964.18,AUD,STAGED
Australia Pty Ltd.,2026-05-01,host_referral_payout,1175.00,AUD,STAGED
Australia Pty Ltd.,2026-05-01,host_tolls_payout,15840.16,AUD,STAGED
Australia Pty Ltd.,2026-05-01,host_transfers_cash,-235919.65,AUD,STAGED
Australia Pty Ltd.,2026-05-01,host_trip_earnings,135103.28,AUD,STAGED
Australia Pty Ltd.,2026-05-01,incidentals_direct_revenue,265248.64,AUD,STAGED
Australia Pty Ltd.,2026-05-01,incidentals_invoiced,90288.48,AUD,STAGED
Australia Pty Ltd.,2026-05-01,incidentals_paid,33330.18,AUD,STAGED
Australia Pty Ltd.,2026-05-01,invoice_refunds,-4908.15,AUD,STAGED
Australia Pty Ltd.,2026-05-01,stripe_fees,9817.01,AUD,STAGED
Australia Pty Ltd.,2026-05-01,subscription_refunds,-2974.00,AUD,STAGED
Australia Pty Ltd.,2026-05-01,subscriptions_invoiced,49321.83,AUD,STAGED
Australia Pty Ltd.,2026-05-01,subscriptions_paid,42578.65,AUD,STAGED
Australia Pty Ltd.,2026-05-01,trip_charges,232974.94,AUD,STAGED
Australia Pty Ltd.,2026-05-01,trip_distance_cash_collected,10557.21,AUD,STAGED
Australia Pty Ltd.,2026-05-01,trip_distance_invoiced,13945.91,AUD,STAGED
Australia Pty Ltd.,2026-05-01,trip_distance_invoice_paid,5014.26,AUD,STAGED
Australia Pty Ltd.,2026-05-01,trip_refunds,-42463.59,AUD,STAGED
Australia Pty Ltd.,2026-05-01,trip_revenue_accrual,237622.43,AUD,STAGED
Australia Pty Ltd.,2026-05-01,verification_charge_received,741.00,AUD,STAGED
Australia Pty Ltd.,2026-05-01,verification_refunds,-739.00,AUD,STAGED
Australia Pty Ltd.,2026-06-01,deposit_refunds,-10500.00,AUD,STAGED
Australia Pty Ltd.,2026-06-01,deposits_received,12650.00,AUD,STAGED
Australia Pty Ltd.,2026-06-01,disputes,-19831.26,AUD,STAGED
Australia Pty Ltd.,2026-06-01,fuel_refunds,-138.00,AUD,STAGED
Australia Pty Ltd.,2026-06-01,host_cleanliness_payout,1802.69,AUD,STAGED
Australia Pty Ltd.,2026-06-01,host_damage_payout,84506.69,AUD,STAGED
Australia Pty Ltd.,2026-06-01,host_excess_mileage_payout,12726.36,AUD,STAGED
Australia Pty Ltd.,2026-06-01,host_flexplus_payout,3711.74,AUD,STAGED
Australia Pty Ltd.,2026-06-01,host_fuel_charges_collected,307.96,AUD,STAGED
Australia Pty Ltd.,2026-06-01,host_fuel_payout,3833.28,AUD,STAGED
Australia Pty Ltd.,2026-06-01,host_misc_payout,11538.60,AUD,STAGED
Australia Pty Ltd.,2026-06-01,host_referral_payout,1035.00,AUD,STAGED
Australia Pty Ltd.,2026-06-01,host_tolls_payout,461.54,AUD,STAGED
Australia Pty Ltd.,2026-06-01,host_transfers_cash,-241516.26,AUD,STAGED
Australia Pty Ltd.,2026-06-01,host_trip_earnings,135056.85,AUD,STAGED
Australia Pty Ltd.,2026-06-01,incidentals_direct_revenue,278656.79,AUD,STAGED
Australia Pty Ltd.,2026-06-01,incidentals_invoiced,104763.21,AUD,STAGED
Australia Pty Ltd.,2026-06-01,incidentals_paid,37039.56,AUD,STAGED
Australia Pty Ltd.,2026-06-01,invoice_refunds,-6622.31,AUD,STAGED
Australia Pty Ltd.,2026-06-01,stripe_fees,9919.91,AUD,STAGED
Australia Pty Ltd.,2026-06-01,subscription_refunds,-1588.34,AUD,STAGED
Australia Pty Ltd.,2026-06-01,subscriptions_invoiced,41018.75,AUD,STAGED
Australia Pty Ltd.,2026-06-01,subscriptions_paid,34583.51,AUD,STAGED
Australia Pty Ltd.,2026-06-01,trip_charges,230677.22,AUD,STAGED
Australia Pty Ltd.,2026-06-01,trip_distance_cash_collected,13568.88,AUD,STAGED
Australia Pty Ltd.,2026-06-01,trip_distance_invoiced,16971.07,AUD,STAGED
Australia Pty Ltd.,2026-06-01,trip_distance_invoice_paid,7711.26,AUD,STAGED
Australia Pty Ltd.,2026-06-01,trip_refunds,-49242.52,AUD,STAGED
Australia Pty Ltd.,2026-06-01,trip_revenue_accrual,237613.76,AUD,STAGED
Australia Pty Ltd.,2026-06-01,verification_charge_received,950.00,AUD,STAGED
Australia Pty Ltd.,2026-06-01,verification_refunds,-948.00,AUD,STAGED
Singapore Pte Ltd.,2026-01-01,deposits_received,8.00,SGD,STAGED
Singapore Pte Ltd.,2026-01-01,disputes,-844.44,SGD,STAGED
Singapore Pte Ltd.,2026-01-01,fuel_charges,8697.67,SGD,STAGED
Singapore Pte Ltd.,2026-01-01,host_cleanliness_payout,1549.00,SGD,STAGED
Singapore Pte Ltd.,2026-01-01,host_damage_payout,6998.87,SGD,STAGED
Singapore Pte Ltd.,2026-01-01,host_delivery_payout,336.00,SGD,STAGED
Singapore Pte Ltd.,2026-01-01,host_excess_mileage_payout,2600.92,SGD,STAGED
Singapore Pte Ltd.,2026-01-01,host_flexplus_payout,1626.00,SGD,STAGED
Singapore Pte Ltd.,2026-01-01,host_fuel_charges_collected,164.19,SGD,STAGED
Singapore Pte Ltd.,2026-01-01,host_fuel_inclusion,13541.33,SGD,STAGED
Singapore Pte Ltd.,2026-01-01,host_fuel_payout,1248.93,SGD,STAGED
Singapore Pte Ltd.,2026-01-01,host_long_term_discount,-4069.13,SGD,STAGED
Singapore Pte Ltd.,2026-01-01,host_misc_charge_collected,124.24,SGD,STAGED
Singapore Pte Ltd.,2026-01-01,host_misc_payout,6259.35,SGD,STAGED
Singapore Pte Ltd.,2026-01-01,host_rms_payout,7285.71,SGD,STAGED
Singapore Pte Ltd.,2026-01-01,host_subscription_collected,774.87,SGD,STAGED
Singapore Pte Ltd.,2026-01-01,host_tolls_payout,23.62,SGD,STAGED
Singapore Pte Ltd.,2026-01-01,host_transfers_cash,-366114.11,SGD,STAGED
Singapore Pte Ltd.,2026-01-01,host_trip_earnings,265840.76,SGD,STAGED
Singapore Pte Ltd.,2026-01-01,incidentals_direct_revenue,552891.48,SGD,STAGED
Singapore Pte Ltd.,2026-01-01,incidentals_invoiced,70222.82,SGD,STAGED
Singapore Pte Ltd.,2026-01-01,incidentals_paid,26468.64,SGD,STAGED
Singapore Pte Ltd.,2026-01-01,invoice_refunds,-2768.52,SGD,STAGED
Singapore Pte Ltd.,2026-01-01,stripe_fees,18459.86,SGD,STAGED
Singapore Pte Ltd.,2026-01-01,subscriptions_invoiced,9264.96,SGD,STAGED
Singapore Pte Ltd.,2026-01-01,subscriptions_paid,9591.94,SGD,STAGED
Singapore Pte Ltd.,2026-01-01,trip_charges,542988.56,SGD,STAGED
Singapore Pte Ltd.,2026-01-01,trip_refunds,-97264.12,SGD,STAGED
Singapore Pte Ltd.,2026-01-01,trip_revenue_accrual,400299.28,SGD,STAGED
Singapore Pte Ltd.,2026-02-01,deposits_received,2.00,SGD,STAGED
Singapore Pte Ltd.,2026-02-01,disputes,-2327.16,SGD,STAGED
Singapore Pte Ltd.,2026-02-01,fuel_charges,7913.18,SGD,STAGED
Singapore Pte Ltd.,2026-02-01,host_cleanliness_payout,680.00,SGD,STAGED
Singapore Pte Ltd.,2026-02-01,host_damage_payout,25294.00,SGD,STAGED
Singapore Pte Ltd.,2026-02-01,host_delivery_payout,752.00,SGD,STAGED
Singapore Pte Ltd.,2026-02-01,host_excess_mileage_payout,2946.21,SGD,STAGED
Singapore Pte Ltd.,2026-02-01,host_flexplus_payout,5483.08,SGD,STAGED
Singapore Pte Ltd.,2026-02-01,host_fuel_charges_collected,223.08,SGD,STAGED
Singapore Pte Ltd.,2026-02-01,host_fuel_inclusion,7938.12,SGD,STAGED
Singapore Pte Ltd.,2026-02-01,host_fuel_payout,2712.00,SGD,STAGED
Singapore Pte Ltd.,2026-02-01,host_long_term_discount,-5502.73,SGD,STAGED
Singapore Pte Ltd.,2026-02-01,host_misc_charge_collected,84.00,SGD,STAGED
Singapore Pte Ltd.,2026-02-01,host_misc_payout,2525.66,SGD,STAGED
Singapore Pte Ltd.,2026-02-01,host_subscription_collected,881.94,SGD,STAGED
Singapore Pte Ltd.,2026-02-01,host_tolls_payout,47.26,SGD,STAGED
Singapore Pte Ltd.,2026-02-01,host_transfers_cash,-340073.45,SGD,STAGED
Singapore Pte Ltd.,2026-02-01,host_trip_earnings,360593.62,SGD,STAGED
Singapore Pte Ltd.,2026-02-01,incidentals_direct_revenue,531150.59,SGD,STAGED
Singapore Pte Ltd.,2026-02-01,incidentals_invoiced,23461.65,SGD,STAGED
Singapore Pte Ltd.,2026-02-01,incidentals_paid,20848.61,SGD,STAGED
Singapore Pte Ltd.,2026-02-01,invoice_refunds,-3560.15,SGD,STAGED
Singapore Pte Ltd.,2026-02-01,stripe_fees,18739.27,SGD,STAGED
Singapore Pte Ltd.,2026-02-01,subscription_refunds,-1809.59,SGD,STAGED
Singapore Pte Ltd.,2026-02-01,subscriptions_invoiced,5150.00,SGD,STAGED
Singapore Pte Ltd.,2026-02-01,subscriptions_paid,6995.52,SGD,STAGED
Singapore Pte Ltd.,2026-02-01,trip_charges,523234.41,SGD,STAGED
Singapore Pte Ltd.,2026-02-01,trip_refunds,-92204.58,SGD,STAGED
Singapore Pte Ltd.,2026-02-01,trip_revenue_accrual,603459.95,SGD,STAGED
Singapore Pte Ltd.,2026-03-01,deposits_received,33.00,SGD,STAGED
Singapore Pte Ltd.,2026-03-01,disputes,-192.40,SGD,STAGED
Singapore Pte Ltd.,2026-03-01,fuel_charges,15047.10,SGD,STAGED
Singapore Pte Ltd.,2026-03-01,host_cleanliness_payout,2714.80,SGD,STAGED
Singapore Pte Ltd.,2026-03-01,host_damage_payout,8998.50,SGD,STAGED
Singapore Pte Ltd.,2026-03-01,host_delivery_payout,848.00,SGD,STAGED
Singapore Pte Ltd.,2026-03-01,host_excess_mileage_payout,7229.85,SGD,STAGED
Singapore Pte Ltd.,2026-03-01,host_flexplus_payout,1834.17,SGD,STAGED
Singapore Pte Ltd.,2026-03-01,host_fuel_charges_collected,166.05,SGD,STAGED
Singapore Pte Ltd.,2026-03-01,host_fuel_inclusion,20816.68,SGD,STAGED
Singapore Pte Ltd.,2026-03-01,host_fuel_payout,2154.02,SGD,STAGED
Singapore Pte Ltd.,2026-03-01,host_long_term_discount,-12455.78,SGD,STAGED
Singapore Pte Ltd.,2026-03-01,host_misc_charge_collected,890.09,SGD,STAGED
Singapore Pte Ltd.,2026-03-01,host_misc_payout,6262.06,SGD,STAGED
Singapore Pte Ltd.,2026-03-01,host_subscription_collected,1145.81,SGD,STAGED
Singapore Pte Ltd.,2026-03-01,host_tolls_payout,97.03,SGD,STAGED
Singapore Pte Ltd.,2026-03-01,host_transfers_cash,-381941.77,SGD,STAGED
Singapore Pte Ltd.,2026-03-01,host_trip_earnings,440376.44,SGD,STAGED
Singapore Pte Ltd.,2026-03-01,incidentals_direct_revenue,598341.39,SGD,STAGED
Singapore Pte Ltd.,2026-03-01,incidentals_invoiced,40926.82,SGD,STAGED
Singapore Pte Ltd.,2026-03-01,incidentals_paid,18433.20,SGD,STAGED
Singapore Pte Ltd.,2026-03-01,invoice_refunds,-897.85,SGD,STAGED
Singapore Pte Ltd.,2026-03-01,stripe_fees,20832.48,SGD,STAGED
Singapore Pte Ltd.,2026-03-01,subscription_refunds,-73.49,SGD,STAGED
Singapore Pte Ltd.,2026-03-01,subscriptions_invoiced,3800.00,SGD,STAGED
Singapore Pte Ltd.,2026-03-01,subscriptions_paid,3800.00,SGD,STAGED
Singapore Pte Ltd.,2026-03-01,trip_charges,583230.29,SGD,STAGED
Singapore Pte Ltd.,2026-03-01,trip_refunds,-101857.19,SGD,STAGED
Singapore Pte Ltd.,2026-03-01,trip_revenue_accrual,689703.44,SGD,STAGED
Singapore Pte Ltd.,2026-04-01,deposits_received,95.00,SGD,STAGED
Singapore Pte Ltd.,2026-04-01,disputes,-2657.83,SGD,STAGED
Singapore Pte Ltd.,2026-04-01,fuel_charges,12475.83,SGD,STAGED
Singapore Pte Ltd.,2026-04-01,host_cleanliness_payout,850.00,SGD,STAGED
Singapore Pte Ltd.,2026-04-01,host_damage_payout,5810.00,SGD,STAGED
Singapore Pte Ltd.,2026-04-01,host_delivery_payout,144.00,SGD,STAGED
Singapore Pte Ltd.,2026-04-01,host_excess_mileage_payout,5289.65,SGD,STAGED
Singapore Pte Ltd.,2026-04-01,host_flexplus_payout,1475.37,SGD,STAGED
Singapore Pte Ltd.,2026-04-01,host_fuel_charges_collected,800.85,SGD,STAGED
Singapore Pte Ltd.,2026-04-01,host_fuel_inclusion,14605.07,SGD,STAGED
Singapore Pte Ltd.,2026-04-01,host_fuel_payout,2099.70,SGD,STAGED
Singapore Pte Ltd.,2026-04-01,host_long_term_discount,-5184.73,SGD,STAGED
Singapore Pte Ltd.,2026-04-01,host_misc_charge_collected,120.60,SGD,STAGED
Singapore Pte Ltd.,2026-04-01,host_misc_payout,9781.99,SGD,STAGED
Singapore Pte Ltd.,2026-04-01,host_subscription_collected,1214.18,SGD,STAGED
Singapore Pte Ltd.,2026-04-01,host_tolls_payout,14.27,SGD,STAGED
Singapore Pte Ltd.,2026-04-01,host_transfers_cash,-325822.47,SGD,STAGED
Singapore Pte Ltd.,2026-04-01,host_trip_earnings,312569.84,SGD,STAGED
Singapore Pte Ltd.,2026-04-01,incidentals_direct_revenue,475905.64,SGD,STAGED
Singapore Pte Ltd.,2026-04-01,incidentals_invoiced,45416.97,SGD,STAGED
Singapore Pte Ltd.,2026-04-01,incidentals_paid,21414.03,SGD,STAGED
Singapore Pte Ltd.,2026-04-01,invoice_refunds,-2121.51,SGD,STAGED
Singapore Pte Ltd.,2026-04-01,stripe_fees,17016.58,SGD,STAGED
Singapore Pte Ltd.,2026-04-01,subscription_refunds,-2204.80,SGD,STAGED
Singapore Pte Ltd.,2026-04-01,subscriptions_invoiced,3800.00,SGD,STAGED
Singapore Pte Ltd.,2026-04-01,subscriptions_paid,3800.00,SGD,STAGED
Singapore Pte Ltd.,2026-04-01,trip_charges,460102.96,SGD,STAGED
Singapore Pte Ltd.,2026-04-01,trip_refunds,-66437.15,SGD,STAGED
Singapore Pte Ltd.,2026-04-01,trip_revenue_accrual,482332.72,SGD,STAGED
Singapore Pte Ltd.,2026-05-01,deposits_received,35.00,SGD,STAGED
Singapore Pte Ltd.,2026-05-01,disputes,-5365.33,SGD,STAGED
Singapore Pte Ltd.,2026-05-01,fuel_charges,9000.67,SGD,STAGED
Singapore Pte Ltd.,2026-05-01,host_cleanliness_payout,1444.80,SGD,STAGED
Singapore Pte Ltd.,2026-05-01,host_damage_payout,1980.00,SGD,STAGED
Singapore Pte Ltd.,2026-05-01,host_delivery_payout,96.00,SGD,STAGED
Singapore Pte Ltd.,2026-05-01,host_excess_mileage_payout,6505.09,SGD,STAGED
Singapore Pte Ltd.,2026-05-01,host_flexplus_payout,1400.00,SGD,STAGED
Singapore Pte Ltd.,2026-05-01,host_fuel_charges_collected,231.80,SGD,STAGED
Singapore Pte Ltd.,2026-05-01,host_fuel_inclusion,11388.73,SGD,STAGED
Singapore Pte Ltd.,2026-05-01,host_fuel_payout,2689.47,SGD,STAGED
Singapore Pte Ltd.,2026-05-01,host_long_term_discount,-7216.34,SGD,STAGED
Singapore Pte Ltd.,2026-05-01,host_misc_charge_collected,814.30,SGD,STAGED
Singapore Pte Ltd.,2026-05-01,host_misc_payout,1564.67,SGD,STAGED
Singapore Pte Ltd.,2026-05-01,host_subscription_collected,1207.91,SGD,STAGED
Singapore Pte Ltd.,2026-05-01,host_tolls_payout,17.11,SGD,STAGED
Singapore Pte Ltd.,2026-05-01,host_transfers_cash,-350851.55,SGD,STAGED
Singapore Pte Ltd.,2026-05-01,host_trip_earnings,282512.67,SGD,STAGED
Singapore Pte Ltd.,2026-05-01,incidentals_direct_revenue,502101.78,SGD,STAGED
Singapore Pte Ltd.,2026-05-01,incidentals_invoiced,48732.97,SGD,STAGED
Singapore Pte Ltd.,2026-05-01,incidentals_paid,29950.83,SGD,STAGED
Singapore Pte Ltd.,2026-05-01,invoice_refunds,-930.35,SGD,STAGED
Singapore Pte Ltd.,2026-05-01,stripe_fees,18304.28,SGD,STAGED
Singapore Pte Ltd.,2026-05-01,subscriptions_invoiced,1595.20,SGD,STAGED
Singapore Pte Ltd.,2026-05-01,subscriptions_paid,1657.60,SGD,STAGED
Singapore Pte Ltd.,2026-05-01,trip_charges,489957.18,SGD,STAGED
Singapore Pte Ltd.,2026-05-01,trip_refunds,-65540.55,SGD,STAGED
Singapore Pte Ltd.,2026-05-01,trip_revenue_accrual,426702.54,SGD,STAGED
Singapore Pte Ltd.,2026-06-01,deposits_received,6.00,SGD,STAGED
Singapore Pte Ltd.,2026-06-01,disputes,-310.75,SGD,STAGED
Singapore Pte Ltd.,2026-06-01,fuel_charges,9887.82,SGD,STAGED
Singapore Pte Ltd.,2026-06-01,host_cleanliness_payout,789.36,SGD,STAGED
Singapore Pte Ltd.,2026-06-01,host_damage_payout,7491.10,SGD,STAGED
Singapore Pte Ltd.,2026-06-01,host_delivery_payout,192.00,SGD,STAGED
Singapore Pte Ltd.,2026-06-01,host_excess_mileage_payout,4474.42,SGD,STAGED
Singapore Pte Ltd.,2026-06-01,host_flexplus_payout,3296.54,SGD,STAGED
Singapore Pte Ltd.,2026-06-01,host_fuel_charges_collected,454.05,SGD,STAGED
Singapore Pte Ltd.,2026-06-01,host_fuel_inclusion,10850.75,SGD,STAGED
Singapore Pte Ltd.,2026-06-01,host_fuel_payout,2159.59,SGD,STAGED
Singapore Pte Ltd.,2026-06-01,host_long_term_discount,-7927.94,SGD,STAGED
Singapore Pte Ltd.,2026-06-01,host_misc_charge_collected,671.78,SGD,STAGED
Singapore Pte Ltd.,2026-06-01,host_misc_payout,1787.61,SGD,STAGED
Singapore Pte Ltd.,2026-06-01,host_subscription_collected,1188.32,SGD,STAGED
Singapore Pte Ltd.,2026-06-01,host_tolls_payout,64.47,SGD,STAGED
Singapore Pte Ltd.,2026-06-01,host_transfers_cash,-288362.23,SGD,STAGED
Singapore Pte Ltd.,2026-06-01,host_trip_earnings,323039.06,SGD,STAGED
Singapore Pte Ltd.,2026-06-01,incidentals_direct_revenue,423126.65,SGD,STAGED
Singapore Pte Ltd.,2026-06-01,incidentals_invoiced,27093.13,SGD,STAGED
Singapore Pte Ltd.,2026-06-01,incidentals_paid,17898.53,SGD,STAGED
Singapore Pte Ltd.,2026-06-01,invoice_refunds,-9064.40,SGD,STAGED
Singapore Pte Ltd.,2026-06-01,stripe_fees,15558.99,SGD,STAGED
Singapore Pte Ltd.,2026-06-01,subscriptions_invoiced,1595.20,SGD,STAGED
Singapore Pte Ltd.,2026-06-01,subscriptions_paid,1688.80,SGD,STAGED
Singapore Pte Ltd.,2026-06-01,trip_charges,413182.83,SGD,STAGED
Singapore Pte Ltd.,2026-06-01,trip_refunds,-53958.30,SGD,STAGED
Singapore Pte Ltd.,2026-06-01,trip_revenue_accrual,499197.15,SGD,STAGED
