account,period,file,format_variant,rows_parsed,printed_opening,sum_amounts,computed_close,printed_close,delta,currency,status,reason
CBA,2022-09-30,Statement20220930.pdf,CBA_QUARTERLY_STATEMENT_PDF,327,98703.81,308897.88,407601.69,407601.69,0.00,AUD,PASS,
CBA,2022-12-30,Statement20221230.pdf,CBA_QUARTERLY_STATEMENT_PDF,293,407601.69,-300935.30,106666.39,106666.39,0.00,AUD,PASS,
CBA,2023-03-30,Statement20230330.pdf,CBA_QUARTERLY_STATEMENT_PDF,173,106666.39,-94131.42,12534.97,12534.97,0.00,AUD,PASS,
CBA,2023-06-30,Statement20230630 (2).pdf,CBA_QUARTERLY_STATEMENT_PDF,258,12534.97,-381.64,12153.33,12153.33,0.00,AUD,PASS,
CBA,2023-06-30,Statement20230630.pdf,CBA_QUARTERLY_STATEMENT_PDF,258,12534.97,-381.64,12153.33,12153.33,0.00,AUD,PASS,
CBA,2023-09-30,Statement20230930.pdf,CBA_QUARTERLY_STATEMENT_PDF,239,12153.33,13613.86,25767.19,25767.19,0.00,AUD,PASS,
CBA,2023-12-30,Statement20231230.pdf,CBA_QUARTERLY_STATEMENT_PDF,204,25767.19,7588.78,33355.97,33355.97,0.00,AUD,PASS,
CBA,2024-03-30,Statement20240330 (1).pdf,CBA_QUARTERLY_STATEMENT_PDF,320,33355.97,100289.87,133645.84,133645.84,0.00,AUD,PASS,
CBA,2024-03-30,Statement20240330.pdf,CBA_QUARTERLY_STATEMENT_PDF,320,33355.97,100289.87,133645.84,133645.84,0.00,AUD,PASS,
CBA,2024-06-30,Statement20240630 (1).pdf,CBA_QUARTERLY_STATEMENT_PDF,544,133645.84,-100378.89,33266.95,33266.95,0.00,AUD,PASS,
CBA,2024-06-30,Statement20240630.pdf,CBA_QUARTERLY_STATEMENT_PDF,544,133645.84,-100378.89,33266.95,33266.95,0.00,AUD,PASS,
CBA,2024-09-30,Statement20240930 (1).pdf,CBA_QUARTERLY_STATEMENT_PDF,649,33266.95,-13241.55,20025.40,20025.40,0.00,AUD,PASS,
CBA,2024-09-30,Statement20240930.pdf,CBA_QUARTERLY_STATEMENT_PDF,649,33266.95,-13241.55,20025.40,20025.40,0.00,AUD,PASS,
CBA,2024-12-30,Statement20241230 (1).pdf,CBA_QUARTERLY_STATEMENT_PDF,1030,20025.40,-4765.26,15260.14,15260.14,0.00,AUD,PASS,
CBA,2024-12-30,Statement20241230 (2).pdf,CBA_QUARTERLY_STATEMENT_PDF,1030,20025.40,-4765.26,15260.14,15260.14,0.00,AUD,PASS,
CBA,2024-12-30,Statement20241230.pdf,CBA_QUARTERLY_STATEMENT_PDF,1030,20025.40,-4765.26,15260.14,15260.14,0.00,AUD,PASS,
CBA,2025-03-30,Statement20250330 (1).pdf,CBA_QUARTERLY_STATEMENT_PDF,571,15260.14,2916.56,18176.70,18176.70,0.00,AUD,PASS,
CBA,2025-03-30,Statement20250330 (2).pdf,CBA_QUARTERLY_STATEMENT_PDF,571,15260.14,2916.56,18176.70,18176.70,0.00,AUD,PASS,
CBA,2025-03-30,Statement20250330 (3).pdf,CBA_QUARTERLY_STATEMENT_PDF,571,15260.14,2916.56,18176.70,18176.70,0.00,AUD,PASS,
CBA,2025-03-30,Statement20250330.pdf,CBA_QUARTERLY_STATEMENT_PDF,571,15260.14,2916.56,18176.70,18176.70,0.00,AUD,PASS,
CBA,2025-06-30,Statement20250630 (1).pdf,CBA_QUARTERLY_STATEMENT_PDF,522,18176.70,34953.82,53130.52,53130.52,0.00,AUD,PASS,
CBA,2025-06-30,Statement20250630.pdf,CBA_QUARTERLY_STATEMENT_PDF,522,18176.70,34953.82,53130.52,53130.52,0.00,AUD,PASS,
CBA,2025-09-30,Statement20250930 (1).pdf,CBA_QUARTERLY_STATEMENT_PDF,534,53130.52,-41340.64,11789.88,11789.88,0.00,AUD,PASS,
CBA,2025-09-30,Statement20250930.pdf,CBA_QUARTERLY_STATEMENT_PDF,534,53130.52,-41340.64,11789.88,11789.88,0.00,AUD,PASS,
CBA,2025-12-30,Statement20251230 (1).pdf,CBA_QUARTERLY_STATEMENT_PDF,700,11789.88,98041.05,109830.93,109830.93,0.00,AUD,PASS,
CBA,2026-03-30,Statement20260330 (1).pdf,CBA_QUARTERLY_STATEMENT_PDF,428,109830.93,-99388.02,10442.91,10442.91,0.00,AUD,PASS,
CBA,2026-03-30,Statement20260330.pdf,CBA_QUARTERLY_STATEMENT_PDF,161,1755.69,-753.09,1002.60,1002.60,0.00,AUD,PASS,
CBA,2026-06-30,Statement20260630.pdf,CBA_QUARTERLY_STATEMENT_PDF,382,10442.91,-7270.43,3172.48,3172.48,0.00,AUD,PASS,
CBA,2026-07(interim),CBA_TransactionSummary_2026-07_(monthly-interim).pdf,CBA_MONTHLY_TRANSACTIONSUMMARY_PDF,98,3172.48,5706.61,8879.09,8879.09,0.00,AUD,PASS,
DBS,2025-06,00726694930003_C394652019G_USD_062025.pdf,DBS_MULTICCY_PDF,2,0.00,26356.60,26356.60,26356.60,0.00,EUR,PASS,
DBS,2025-07,00726694930003_C394652019G_USD_072025.pdf,DBS_MULTICCY_PDF,1,26356.60,-26356.60,0.00,0.00,0.00,EUR,PASS,
DBS,2025-08,00726694930003_C394652019G_USD_082025.pdf,DBS_MULTICCY_PDF,0,0.00,0.00,0.00,0.00,0.00,EUR,PASS,
DBS,2025-09,00726694930003_C394652019G_USD_092025.pdf,DBS_MULTICCY_PDF,0,0.00,0.00,0.00,0.00,0.00,EUR,PASS,
DBS,2025-10,00726694930003_C394652019G_USD_102025 (1).pdf,DBS_MULTICCY_PDF,0,0.00,0.00,0.00,0.00,0.00,EUR,PASS,
DBS,2025-10,00726694930003_C394652019G_USD_102025.pdf,DBS_MULTICCY_PDF,0,0.00,0.00,0.00,0.00,0.00,EUR,PASS,
DBS,2025-11,00726694930003_C394652019G_USD_112025.pdf,DBS_MULTICCY_PDF,0,0.00,0.00,0.00,0.00,0.00,EUR,PASS,
DBS,2025-12,00726694930003_C394652019G_USD_122025.pdf,DBS_MULTICCY_PDF,0,0.00,0.00,0.00,0.00,0.00,EUR,PASS,
DBS,2026-01,00726694930003_C394652019G_USD_012026 (2).pdf,DBS_MULTICCY_PDF,0,0.00,0.00,0.00,0.00,0.00,EUR,PASS,
DBS,2026-02,00726694930003_C394652019G_USD_022026 (1).pdf,DBS_MULTICCY_PDF,0,0.00,0.00,0.00,0.00,0.00,EUR,PASS,
DBS,2026-03,00726694930003_C394652019G_USD_032026 (1).pdf,DBS_MULTICCY_PDF,0,0.00,0.00,0.00,0.00,0.00,EUR,PASS,
DBS,2026-04,00726694930003_C394652019G_USD_042026 (1).pdf,DBS_MULTICCY_PDF,0,0.00,0.00,0.00,0.00,0.00,EUR,PASS,
DBS,2026-05,00726694930003_C394652019G_USD_052026.pdf,DBS_MULTICCY_PDF,0,0.00,0.00,0.00,0.00,0.00,EUR,PASS,
DBS,2026-06,00726694930003_C394652019G_USD_062026.pdf,DBS_MULTICCY_PDF,0,0.00,0.00,0.00,0.00,0.00,EUR,PASS,
DBS,2022-06,00726694930003_C394652019G_USD_062022.pdf,DBS_MULTICCY_PDF,1,0.00,10000.00,10000.00,10000.00,0.00,SGD,PASS,
DBS,2022-07,00726694930003_C394652019G_USD_072022.pdf,DBS_MULTICCY_PDF,1,10000.00,139700.00,149700.00,149700.00,0.00,SGD,PASS,
DBS,2022-08,00726694930003_C394652019G_USD_082022.pdf,DBS_MULTICCY_PDF,5,149700.00,-102576.70,47123.30,47123.30,0.00,SGD,PASS,
DBS,2022-09,00726694930003_C394652019G_USD_092022 (1).pdf,DBS_MULTICCY_PDF,4,47123.30,6562.03,53685.33,53685.33,0.00,SGD,PASS,
DBS,2022-09,00726694930003_C394652019G_USD_092022.pdf,DBS_MULTICCY_PDF,4,47123.30,6562.03,53685.33,53685.33,0.00,SGD,PASS,
DBS,2022-10,00726694930003_C394652019G_USD_102022.pdf,DBS_MULTICCY_PDF,0,53685.33,0.00,53685.33,53685.33,0.00,SGD,PASS,
DBS,2022-11,00726694930003_C394652019G_USD_112022.pdf,DBS_MULTICCY_PDF,1,53685.33,-35000.00,18685.33,18685.33,0.00,SGD,PASS,
DBS,2022-12,00726694930003_C394652019G_USD_122022.pdf,DBS_MULTICCY_PDF,0,18685.33,0.00,18685.33,18685.33,0.00,SGD,PASS,
DBS,2023-01,00726694930003_C394652019G_USD_012023.pdf,DBS_MULTICCY_PDF,3,18685.33,-17900.00,785.33,785.33,0.00,SGD,PASS,
DBS,2023-02,00726694930003_C394652019G_USD_022023.pdf,DBS_MULTICCY_PDF,6,785.33,11390.00,12175.33,12175.33,0.00,SGD,PASS,
DBS,2023-03,00726694930003_C394652019G_USD_032023 (1).pdf,DBS_MULTICCY_PDF,3,12175.33,-12000.00,175.33,175.33,0.00,SGD,PASS,
DBS,2023-03,00726694930003_C394652019G_USD_032023.pdf,DBS_MULTICCY_PDF,3,12175.33,-12000.00,175.33,175.33,0.00,SGD,PASS,
DBS,2023-04,00726694930003_C394652019G_USD_042023.pdf,DBS_MULTICCY_PDF,8,175.33,24970.00,25145.33,25145.33,0.00,SGD,PASS,
DBS,2023-05,00726694930003_C394652019G_USD_052023.pdf,DBS_MULTICCY_PDF,5,25145.33,-20080.00,5065.33,5065.33,0.00,SGD,PASS,
DBS,2023-06,00726694930003_C394652019G_USD_062023.pdf,DBS_MULTICCY_PDF,1,5065.33,-60.00,5005.33,5005.33,0.00,SGD,PASS,
DBS,2023-07,00726694930003_C394652019G_USD_072023.pdf,DBS_MULTICCY_PDF,3,5005.33,-120.00,4885.33,4885.33,0.00,SGD,PASS,
DBS,2023-08,00726694930003_C394652019G_USD_082023.pdf,DBS_MULTICCY_PDF,6,4885.33,-82.40,4802.93,4802.93,0.00,SGD,PASS,
DBS,2023-09,00726694930003_C394652019G_USD_092023.pdf,DBS_MULTICCY_PDF,1,4802.93,-120.00,4682.93,4682.93,0.00,SGD,PASS,
DBS,2023-10,00726694930003_C394652019G_USD_102023.pdf,DBS_MULTICCY_PDF,1,4682.93,-90.00,4592.93,4592.93,0.00,SGD,PASS,
DBS,2023-11,00726694930003_C394652019G_USD_112023.pdf,DBS_MULTICCY_PDF,1,4592.93,-210.00,4382.93,4382.93,0.00,SGD,PASS,
DBS,2023-12,00726694930003_C394652019G_USD_122023.pdf,DBS_MULTICCY_PDF,1,4382.93,-120.00,4262.93,4262.93,0.00,SGD,PASS,
DBS,2024-01,00726694930003_C394652019G_USD_012024.pdf,DBS_MULTICCY_PDF,3,4262.93,-150.00,4112.93,4112.93,0.00,SGD,PASS,
DBS,2024-02,00726694930003_C394652019G_USD_022024.pdf,DBS_MULTICCY_PDF,1,4112.93,-150.00,3962.93,3962.93,0.00,SGD,PASS,
DBS,2024-03,00726694930003_C394652019G_USD_032024.pdf,DBS_MULTICCY_PDF,1,3962.93,-90.00,3872.93,3872.93,0.00,SGD,PASS,
DBS,2024-04,00726694930003_C394652019G_USD_042024.pdf,DBS_MULTICCY_PDF,1,3872.93,-60.00,3812.93,3812.93,0.00,SGD,PASS,
DBS,2024-05,00726694930003_C394652019G_USD_052024.pdf,DBS_MULTICCY_PDF,2,3812.93,-110.00,3702.93,3702.93,0.00,SGD,PASS,
DBS,2024-06,00726694930003_C394652019G_USD_062024.pdf,DBS_MULTICCY_PDF,1,3702.93,-60.00,3642.93,3642.93,0.00,SGD,PASS,
DBS,2024-07,00726694930003_C394652019G_USD_072024.pdf,DBS_MULTICCY_PDF,1,3642.93,-60.00,3582.93,3582.93,0.00,SGD,PASS,
DBS,2024-08,00726694930003_C394652019G_USD_082024.pdf,DBS_MULTICCY_PDF,1,3582.93,-120.00,3462.93,3462.93,0.00,SGD,PASS,
DBS,2024-09,00726694930003_C394652019G_USD_092024.pdf,DBS_MULTICCY_PDF,1,3462.93,-180.00,3282.93,3282.93,0.00,SGD,PASS,
DBS,2024-10,00726694930003_C394652019G_USD_102024.pdf,DBS_MULTICCY_PDF,1,3282.93,-210.00,3072.93,3072.93,0.00,SGD,PASS,
DBS,2024-11,00726694930003_C394652019G_USD_112024.pdf,DBS_MULTICCY_PDF,1,3072.93,-120.00,2952.93,2952.93,0.00,SGD,PASS,
DBS,2024-12,00726694930003_C394652019G_USD_122024.pdf,DBS_MULTICCY_PDF,2,2952.93,4880.00,7832.93,7832.93,0.00,SGD,PASS,
DBS,2025-01,00726694930003_C394652019G_USD_012025.pdf,DBS_MULTICCY_PDF,2,7832.93,9880.00,17712.93,17712.93,0.00,SGD,PASS,
DBS,2025-02,00726694930003_C394652019G_USD_022025.pdf,DBS_MULTICCY_PDF,10,17712.93,-8862.97,8849.96,8849.96,0.00,SGD,PASS,
DBS,2025-03,00726694930003_C394652019G_USD_032025.pdf,DBS_MULTICCY_PDF,1,8849.96,-210.00,8639.96,8639.96,0.00,SGD,PASS,
DBS,2025-04,00726694930003_C394652019G_USD_042025.pdf,DBS_MULTICCY_PDF,1,8639.96,-150.00,8489.96,8489.96,0.00,SGD,PASS,
DBS,2025-05,00726694930003_C394652019G_USD_052025.pdf,DBS_MULTICCY_PDF,2,8489.96,-170.00,8319.96,8319.96,0.00,SGD,PASS,
DBS,2025-06,00726694930003_C394652019G_USD_062025.pdf,DBS_MULTICCY_PDF,1,8319.96,-90.00,8229.96,8229.96,0.00,SGD,PASS,
DBS,2025-07,00726694930003_C394652019G_USD_072025.pdf,DBS_MULTICCY_PDF,1,8229.96,-60.00,8169.96,8169.96,0.00,SGD,PASS,
DBS,2025-08,00726694930003_C394652019G_USD_082025.pdf,DBS_MULTICCY_PDF,9,8169.96,47964.97,56134.93,56134.93,0.00,SGD,PASS,
DBS,2025-09,00726694930003_C394652019G_USD_092025.pdf,DBS_MULTICCY_PDF,2,56134.93,-56120.00,14.93,14.93,0.00,SGD,PASS,
DBS,2025-10,00726694930003_C394652019G_USD_102025 (1).pdf,DBS_MULTICCY_PDF,0,14.93,0.00,14.93,14.93,0.00,SGD,PASS,
DBS,2025-10,00726694930003_C394652019G_USD_102025.pdf,DBS_MULTICCY_PDF,0,14.93,0.00,14.93,14.93,0.00,SGD,PASS,
DBS,2025-11,00726694930003_C394652019G_USD_112025.pdf,DBS_MULTICCY_PDF,1,14.93,-40.00,-25.07,-25.07,0.00,SGD,PASS,
DBS,2025-12,00726694930003_C394652019G_USD_122025.pdf,DBS_MULTICCY_PDF,2,-25.07,-70.00,-95.07,-95.07,0.00,SGD,PASS,
DBS,2026-01,00726694930003_C394652019G_USD_012026 (2).pdf,DBS_MULTICCY_PDF,2,-95.07,-70.00,-165.07,-165.07,0.00,SGD,PASS,
DBS,2026-02,00726694930003_C394652019G_USD_022026 (1).pdf,DBS_MULTICCY_PDF,2,-165.07,-70.00,-235.07,-235.07,0.00,SGD,PASS,
DBS,2026-03,00726694930003_C394652019G_USD_032026 (1).pdf,DBS_MULTICCY_PDF,2,-235.07,-70.00,-305.07,-305.07,0.00,SGD,PASS,
DBS,2026-04,00726694930003_C394652019G_USD_042026 (1).pdf,DBS_MULTICCY_PDF,2,-305.07,-70.00,-375.07,-375.07,0.00,SGD,PASS,
DBS,2026-05,00726694930003_C394652019G_USD_052026.pdf,DBS_MULTICCY_PDF,3,-375.07,-120.00,-495.07,-495.07,0.00,SGD,PASS,
DBS,2026-06,00726694930003_C394652019G_USD_062026.pdf,DBS_MULTICCY_PDF,2,-495.07,-70.00,-565.07,-565.07,0.00,SGD,PASS,
DBS,2022-06,00726694930003_C394652019G_USD_062022.pdf,DBS_MULTICCY_PDF,4,0.00,299985.70,299985.70,299985.70,0.00,USD,PASS,
DBS,2022-07,00726694930003_C394652019G_USD_072022.pdf,DBS_MULTICCY_PDF,6,299985.70,99978.72,399964.42,399964.42,0.00,USD,PASS,
DBS,2022-08,00726694930003_C394652019G_USD_082022.pdf,DBS_MULTICCY_PDF,2,399964.42,-216461.83,183502.59,183502.59,0.00,USD,PASS,
DBS,2022-09,00726694930003_C394652019G_USD_092022 (1).pdf,DBS_MULTICCY_PDF,1,183502.59,-181617.46,1885.13,1885.13,0.00,USD,PASS,
DBS,2022-09,00726694930003_C394652019G_USD_092022.pdf,DBS_MULTICCY_PDF,1,183502.59,-181617.46,1885.13,1885.13,0.00,USD,PASS,
DBS,2022-10,00726694930003_C394652019G_USD_102022.pdf,DBS_MULTICCY_PDF,0,1885.13,0.00,1885.13,1885.13,0.00,USD,PASS,
DBS,2022-11,00726694930003_C394652019G_USD_112022.pdf,DBS_MULTICCY_PDF,0,1885.13,0.00,1885.13,1885.13,0.00,USD,PASS,
DBS,2022-12,00726694930003_C394652019G_USD_122022.pdf,DBS_MULTICCY_PDF,2,1885.13,249992.63,251877.76,251877.76,0.00,USD,PASS,
DBS,2023-01,00726694930003_C394652019G_USD_012023.pdf,DBS_MULTICCY_PDF,7,251877.76,-120863.28,131014.48,131014.48,0.00,USD,PASS,
DBS,2023-02,00726694930003_C394652019G_USD_022023.pdf,DBS_MULTICCY_PDF,1,131014.48,-44810.43,86204.05,86204.05,0.00,USD,PASS,
DBS,2023-03,00726694930003_C394652019G_USD_032023 (1).pdf,DBS_MULTICCY_PDF,2,86204.05,-57213.71,28990.34,28990.34,0.00,USD,PASS,
DBS,2023-03,00726694930003_C394652019G_USD_032023.pdf,DBS_MULTICCY_PDF,2,86204.05,-57213.71,28990.34,28990.34,0.00,USD,PASS,
DBS,2023-04,00726694930003_C394652019G_USD_042023.pdf,DBS_MULTICCY_PDF,22,28990.34,603901.92,632892.26,632892.26,0.00,USD,PASS,
DBS,2023-05,00726694930003_C394652019G_USD_052023.pdf,DBS_MULTICCY_PDF,11,632892.26,-25487.88,607404.38,607404.38,0.00,USD,PASS,
DBS,2023-06,00726694930003_C394652019G_USD_062023.pdf,DBS_MULTICCY_PDF,7,607404.38,-175075.00,432329.38,432329.38,0.00,USD,PASS,
DBS,2023-07,00726694930003_C394652019G_USD_072023.pdf,DBS_MULTICCY_PDF,5,432329.38,-143612.25,288717.13,288717.13,0.00,USD,PASS,
DBS,2023-08,00726694930003_C394652019G_USD_082023.pdf,DBS_MULTICCY_PDF,7,288717.13,-191568.96,97148.17,97148.17,0.00,USD,PASS,
DBS,2023-09,00726694930003_C394652019G_USD_092023.pdf,DBS_MULTICCY_PDF,6,97148.17,-82219.85,14928.32,14928.32,0.00,USD,PASS,
DBS,2023-10,00726694930003_C394652019G_USD_102023.pdf,DBS_MULTICCY_PDF,15,14928.32,1469835.00,1484763.32,1484763.32,0.00,USD,PASS,
DBS,2023-11,00726694930003_C394652019G_USD_112023.pdf,DBS_MULTICCY_PDF,8,1484763.32,-195090.00,1289673.32,1289673.32,0.00,USD,PASS,
DBS,2023-12,00726694930003_C394652019G_USD_122023.pdf,DBS_MULTICCY_PDF,10,1289673.32,-211315.61,1078357.71,1078357.71,0.00,USD,PASS,
DBS,2024-01,00726694930003_C394652019G_USD_012024.pdf,DBS_MULTICCY_PDF,8,1078357.71,-313415.07,764942.64,764942.64,0.00,USD,PASS,
DBS,2024-02,00726694930003_C394652019G_USD_022024.pdf,DBS_MULTICCY_PDF,6,764942.64,-132479.26,632463.38,632463.38,0.00,USD,PASS,
DBS,2024-03,00726694930003_C394652019G_USD_032024.pdf,DBS_MULTICCY_PDF,4,632463.38,-150201.55,482261.83,482261.83,0.00,USD,PASS,
DBS,2024-04,00726694930003_C394652019G_USD_042024.pdf,DBS_MULTICCY_PDF,4,482261.83,-129794.31,352467.52,352467.52,0.00,USD,PASS,
DBS,2024-05,00726694930003_C394652019G_USD_052024.pdf,DBS_MULTICCY_PDF,4,352467.52,-111046.87,241420.65,241420.65,0.00,USD,PASS,
DBS,2024-06,00726694930003_C394652019G_USD_062024.pdf,DBS_MULTICCY_PDF,6,241420.65,26030.19,267450.84,267450.84,0.00,USD,PASS,
DBS,2024-07,00726694930003_C394652019G_USD_072024.pdf,DBS_MULTICCY_PDF,8,267450.84,-153425.19,114025.65,114025.65,0.00,USD,PASS,
DBS,2024-08,00726694930003_C394652019G_USD_082024.pdf,DBS_MULTICCY_PDF,16,114025.65,41689.45,155715.10,155715.10,0.00,USD,PASS,
DBS,2024-09,00726694930003_C394652019G_USD_092024.pdf,DBS_MULTICCY_PDF,15,155715.10,-90165.00,65550.10,65550.10,0.00,USD,PASS,
DBS,2024-10,00726694930003_C394652019G_USD_102024.pdf,DBS_MULTICCY_PDF,10,65550.10,-40127.55,25422.55,25422.55,0.00,USD,PASS,
DBS,2024-11,00726694930003_C394652019G_USD_112024.pdf,DBS_MULTICCY_PDF,14,25422.55,22271.30,47693.85,47693.85,0.00,USD,PASS,
DBS,2024-12,00726694930003_C394652019G_USD_122024.pdf,DBS_MULTICCY_PDF,10,47693.85,21492.36,69186.21,69186.21,0.00,USD,PASS,
DBS,2025-01,00726694930003_C394652019G_USD_012025.pdf,DBS_MULTICCY_PDF,3,69186.21,49962.00,119148.21,119148.21,0.00,USD,PASS,
DBS,2025-02,00726694930003_C394652019G_USD_022025.pdf,DBS_MULTICCY_PDF,9,119148.21,-110075.00,9073.21,9073.21,0.00,USD,PASS,
DBS,2025-03,00726694930003_C394652019G_USD_032025.pdf,DBS_MULTICCY_PDF,10,9073.21,112925.00,121998.21,121998.21,0.00,USD,PASS,
DBS,2025-04,00726694930003_C394652019G_USD_042025.pdf,DBS_MULTICCY_PDF,14,121998.21,-92145.15,29853.06,29853.06,0.00,USD,PASS,
DBS,2025-05,00726694930003_C394652019G_USD_052025.pdf,DBS_MULTICCY_PDF,7,29853.06,-24973.61,4879.45,4879.45,0.00,USD,PASS,
DBS,2025-06,00726694930003_C394652019G_USD_062025.pdf,DBS_MULTICCY_PDF,6,4879.45,49927.25,54806.70,54806.70,0.00,USD,PASS,
DBS,2025-07,00726694930003_C394652019G_USD_072025.pdf,DBS_MULTICCY_PDF,4,54806.70,-50045.00,4761.70,4761.70,0.00,USD,PASS,
DBS,2025-08,00726694930003_C394652019G_USD_082025.pdf,DBS_MULTICCY_PDF,8,4761.70,104460.25,109221.95,109221.95,0.00,USD,PASS,
DBS,2025-09,00726694930003_C394652019G_USD_092025.pdf,DBS_MULTICCY_PDF,2,109221.95,-100015.00,9206.95,9206.95,0.00,USD,PASS,
DBS,2025-10,00726694930003_C394652019G_USD_102025 (1).pdf,DBS_MULTICCY_PDF,0,9206.95,0.00,9206.95,9206.95,0.00,USD,PASS,
DBS,2025-10,00726694930003_C394652019G_USD_102025.pdf,DBS_MULTICCY_PDF,0,9206.95,0.00,9206.95,9206.95,0.00,USD,PASS,
DBS,2025-11,00726694930003_C394652019G_USD_112025.pdf,DBS_MULTICCY_PDF,1,9206.95,-9000.00,206.95,206.95,0.00,USD,PASS,
DBS,2025-12,00726694930003_C394652019G_USD_122025.pdf,DBS_MULTICCY_PDF,0,206.95,0.00,206.95,206.95,0.00,USD,PASS,
DBS,2026-01,00726694930003_C394652019G_USD_012026 (2).pdf,DBS_MULTICCY_PDF,0,206.95,0.00,206.95,206.95,0.00,USD,PASS,
DBS,2026-02,00726694930003_C394652019G_USD_022026 (1).pdf,DBS_MULTICCY_PDF,0,206.95,0.00,206.95,206.95,0.00,USD,PASS,
DBS,2026-03,00726694930003_C394652019G_USD_032026 (1).pdf,DBS_MULTICCY_PDF,0,206.95,0.00,206.95,206.95,0.00,USD,PASS,
DBS,2026-04,00726694930003_C394652019G_USD_042026 (1).pdf,DBS_MULTICCY_PDF,0,206.95,0.00,206.95,206.95,0.00,USD,PASS,
DBS,2026-05,00726694930003_C394652019G_USD_052026.pdf,DBS_MULTICCY_PDF,3,206.95,490.00,696.95,696.95,0.00,USD,PASS,
DBS,2026-06,00726694930003_C394652019G_USD_062026.pdf,DBS_MULTICCY_PDF,0,696.95,0.00,696.95,696.95,0.00,USD,PASS,
OCBC_1001,2020-02,BUSINESS GROWTH ACCOUNT-1001-Feb-2020.pdf,OCBC_BUSINESS_GROWTH_PDF,119,223820.89,17262.56,241083.45,241083.45,0.00,SGD,PASS,
OCBC_1001,2020-03,BUSINESS GROWTH ACCOUNT-1001-Mar-2020.pdf,OCBC_BUSINESS_GROWTH_PDF,212,241083.45,-96393.52,144689.93,144689.93,0.00,SGD,PASS,
OCBC_1001,2020-04,BUSINESS GROWTH ACCOUNT-1001-Apr-2020.pdf,OCBC_BUSINESS_GROWTH_PDF,157,144689.93,-1998.61,142691.32,142691.32,0.00,SGD,PASS,
OCBC_1001,2020-05,BUSINESS GROWTH ACCOUNT-1001-May-2020.pdf,OCBC_BUSINESS_GROWTH_PDF,167,142691.32,-17313.49,125377.83,125377.83,0.00,SGD,PASS,
OCBC_1001,2020-06,BUSINESS GROWTH ACCOUNT-1001-Jun-2020.pdf,OCBC_BUSINESS_GROWTH_PDF,103,125377.83,154456.62,279834.45,279834.45,0.00,SGD,PASS,
OCBC_1001,2020-07,BUSINESS GROWTH ACCOUNT-1001-Jul-2020.pdf,OCBC_BUSINESS_GROWTH_PDF,99,279834.45,-95988.48,183845.97,183845.97,0.00,SGD,PASS,
OCBC_1001,2020-08,BUSINESS GROWTH ACCOUNT-1001-Aug-2020.pdf,OCBC_BUSINESS_GROWTH_PDF,128,183845.97,66172.39,250018.36,250018.36,0.00,SGD,PASS,
OCBC_1001,2020-09,BUSINESS GROWTH ACCOUNT-1001-Sep-2020.pdf,OCBC_BUSINESS_GROWTH_PDF,149,250018.36,-62347.89,187670.47,187670.47,0.00,SGD,PASS,
OCBC_1001,2020-10,BUSINESS GROWTH ACCOUNT-1001-Oct-2020.pdf,OCBC_BUSINESS_GROWTH_PDF,181,187670.47,-99144.85,88525.62,88525.62,0.00,SGD,PASS,
OCBC_1001,2020-11,BUSINESS GROWTH ACCOUNT-1001-Nov-2020.pdf,OCBC_BUSINESS_GROWTH_PDF,157,88525.62,-86787.90,1737.72,1737.72,0.00,SGD,PASS,
OCBC_1001,2020-12,BUSINESS GROWTH ACCOUNT-1001-Dec-2020.pdf,OCBC_BUSINESS_GROWTH_PDF,166,1737.72,76411.90,78149.62,78149.62,0.00,SGD,PASS,
OCBC_1001,2021-01,BUSINESS GROWTH ACCOUNT-1001-Jan-2021.pdf,OCBC_BUSINESS_GROWTH_PDF,109,78149.62,-33323.68,44825.94,44825.94,0.00,SGD,PASS,
OCBC_1001,2021-02,BUSINESS GROWTH ACCOUNT-1001-Feb-2021.pdf,OCBC_BUSINESS_GROWTH_PDF,96,44825.94,379.86,45205.80,45205.80,0.00,SGD,PASS,
OCBC_1001,2021-03,BUSINESS GROWTH ACCOUNT-1001-Mar-2021.pdf,OCBC_BUSINESS_GROWTH_PDF,183,45205.80,130969.46,176175.26,176175.26,0.00,SGD,PASS,
OCBC_1001,2021-04,BUSINESS GROWTH ACCOUNT-1001-Apr-2021.pdf,OCBC_BUSINESS_GROWTH_PDF,179,176175.26,-105479.81,70695.45,70695.45,0.00,SGD,PASS,
OCBC_1001,2021-05,BUSINESS GROWTH ACCOUNT-1001-May-2021.pdf,OCBC_BUSINESS_GROWTH_PDF,232,70695.45,-23389.74,47305.71,47305.71,0.00,SGD,PASS,
OCBC_1001,2021-06,BUSINESS GROWTH ACCOUNT-1001-Jun-2021.pdf,OCBC_BUSINESS_GROWTH_PDF,192,47305.71,466163.68,513469.39,513469.39,0.00,SGD,PASS,
OCBC_1001,2021-07,BUSINESS GROWTH ACCOUNT-1001-Jul-2021.pdf,OCBC_BUSINESS_GROWTH_PDF,203,513469.39,296184.02,809653.41,809653.41,0.00,SGD,PASS,
OCBC_1001,2021-08,BUSINESS GROWTH ACCOUNT-1001-Aug-2021.pdf,OCBC_BUSINESS_GROWTH_PDF,146,809653.41,128624.86,938278.27,938278.27,0.00,SGD,PASS,
OCBC_1001,2021-09,BUSINESS GROWTH ACCOUNT-1001-Sep-2021.pdf,OCBC_BUSINESS_GROWTH_PDF,252,938278.27,277568.04,1215846.31,1215846.31,0.00,SGD,PASS,
OCBC_1001,2021-10,BUSINESS GROWTH ACCOUNT-1001-Oct-2021.pdf,OCBC_BUSINESS_GROWTH_PDF,291,1215846.31,-243060.98,972785.33,972785.33,0.00,SGD,PASS,
OCBC_1001,2021-11,BUSINESS GROWTH ACCOUNT-1001-Nov-2021.pdf,OCBC_BUSINESS_GROWTH_PDF,324,972785.33,-272345.85,700439.48,700439.48,0.00,SGD,PASS,
OCBC_1001,2021-12,BUSINESS GROWTH ACCOUNT-1001-Dec-2021.pdf,OCBC_BUSINESS_GROWTH_PDF,329,700439.48,-306506.38,393933.10,393933.10,0.00,SGD,PASS,
OCBC_1001,2022-01,BUSINESS GROWTH ACCOUNT-1001-Jan-2022.pdf,OCBC_BUSINESS_GROWTH_PDF,328,393933.10,-313328.79,80604.31,80604.31,0.00,SGD,PASS,
OCBC_1001,2022-02,BUSINESS GROWTH ACCOUNT-1001-Feb-2022.pdf,OCBC_BUSINESS_GROWTH_PDF,300,80604.31,109366.22,189970.53,189970.53,0.00,SGD,PASS,
OCBC_1001,2022-03,BUSINESS GROWTH ACCOUNT-1001-Mar-2022.pdf,OCBC_BUSINESS_GROWTH_PDF,329,189970.53,-162641.23,27329.30,27329.30,0.00,SGD,PASS,
OCBC_1001,2022-04,BUSINESS GROWTH ACCOUNT-1001-Apr-2022.pdf,OCBC_BUSINESS_GROWTH_PDF,258,27329.30,-19521.11,7808.19,7808.19,0.00,SGD,PASS,
OCBC_1001,2022-05,BUSINESS GROWTH ACCOUNT-1001-May-2022.pdf,OCBC_BUSINESS_GROWTH_PDF,498,7808.19,561382.10,569190.29,569190.29,0.00,SGD,PASS,
OCBC_1001,2022-06,BUSINESS GROWTH ACCOUNT-1001-Jun-2022.pdf,OCBC_BUSINESS_GROWTH_PDF,571,569190.29,-358434.12,210756.17,210756.17,0.00,SGD,PASS,
OCBC_1001,2022-07,BUSINESS GROWTH ACCOUNT-1001-Jul-2022.pdf,OCBC_BUSINESS_GROWTH_PDF,531,210756.17,-178064.10,32692.07,32692.07,0.00,SGD,PASS,
OCBC_1001,2022-08,BUSINESS GROWTH ACCOUNT-1001-Aug-2022.pdf,OCBC_BUSINESS_GROWTH_PDF,770,32692.07,217284.66,249976.73,249976.73,0.00,SGD,PASS,
OCBC_1001,2022-09,BUSINESS GROWTH ACCOUNT-1001-Sep-2022.pdf,OCBC_BUSINESS_GROWTH_PDF,728,249976.73,-119306.19,130670.54,130670.54,0.00,SGD,PASS,
OCBC_1001,2022-10,BUSINESS GROWTH ACCOUNT-1001-Oct-2022.pdf,OCBC_BUSINESS_GROWTH_PDF,902,130670.54,-95066.85,35603.69,35603.69,0.00,SGD,PASS,
OCBC_1001,2022-11,BUSINESS GROWTH ACCOUNT-1001-Nov-2022.pdf,OCBC_BUSINESS_GROWTH_PDF,797,35603.69,14132.12,49735.81,49735.81,0.00,SGD,PASS,
OCBC_1001,2022-12,BUSINESS GROWTH ACCOUNT-1001-Dec-2022.pdf,OCBC_BUSINESS_GROWTH_PDF,893,49735.81,-41975.20,7760.61,7760.61,0.00,SGD,PASS,
OCBC_1001,2023-01,BUSINESS GROWTH ACCOUNT-1001-Jan-2023.pdf,OCBC_BUSINESS_GROWTH_PDF,772,7760.61,46213.47,53974.08,53974.08,0.00,SGD,PASS,
OCBC_1001,2023-02,BUSINESS GROWTH ACCOUNT-1001-Feb-2023.pdf,OCBC_BUSINESS_GROWTH_PDF,679,53974.08,-5893.56,48080.52,48080.52,0.00,SGD,PASS,
OCBC_1001,2023-03,BUSINESS GROWTH ACCOUNT-1001-Mar-2023.pdf,OCBC_BUSINESS_GROWTH_PDF,788,48080.52,-19771.93,28308.59,28308.59,0.00,SGD,PASS,
OCBC_1001,2023-04,BUSINESS GROWTH ACCOUNT-1001-Apr-2023.pdf,OCBC_BUSINESS_GROWTH_PDF,948,28308.59,-8050.06,20258.53,20258.53,0.00,SGD,PASS,
OCBC_1001,2023-05,BUSINESS GROWTH ACCOUNT-1001-May-2023.pdf,OCBC_BUSINESS_GROWTH_PDF,983,20258.53,68539.86,88798.39,88798.39,0.00,SGD,PASS,
OCBC_1001,2023-06,BUSINESS GROWTH ACCOUNT-1001-Jun-2023.pdf,OCBC_BUSINESS_GROWTH_PDF,800,88798.39,-13667.41,75130.98,75130.98,0.00,SGD,PASS,
OCBC_1001,2023-07,BUSINESS GROWTH ACCOUNT-1001-Jul-2023.pdf,OCBC_BUSINESS_GROWTH_PDF,707,75130.98,-61103.88,14027.10,14027.10,0.00,SGD,PASS,
OCBC_1001,2023-08,BUSINESS GROWTH ACCOUNT-1001-Aug-2023.pdf,OCBC_BUSINESS_GROWTH_PDF,914,14027.10,22451.84,36478.94,36478.94,0.00,SGD,PASS,
OCBC_1001,2023-09,BUSINESS GROWTH ACCOUNT-1001-Sep-2023.pdf,OCBC_BUSINESS_GROWTH_PDF,776,36478.94,-13743.95,22734.99,22734.99,0.00,SGD,PASS,
OCBC_1001,2023-10,BUSINESS GROWTH ACCOUNT-1001-Oct-2023.pdf,OCBC_BUSINESS_GROWTH_PDF,721,22734.99,16810.31,39545.30,39545.30,0.00,SGD,PASS,
OCBC_1001,2023-11,BUSINESS GROWTH ACCOUNT-1001-Nov-2023.pdf,OCBC_BUSINESS_GROWTH_PDF,790,39545.30,456.17,40001.47,40001.47,0.00,SGD,PASS,
OCBC_1001,2023-12,BUSINESS GROWTH ACCOUNT-1001-Dec-2023.pdf,OCBC_BUSINESS_GROWTH_PDF,916,40001.47,10156.17,50157.64,50157.64,0.00,SGD,PASS,
OCBC_1001,2024-01,BUSINESS GROWTH ACCOUNT-1001-Jan-2024.pdf,OCBC_BUSINESS_GROWTH_PDF,840,50157.64,-12794.61,37363.03,37363.03,0.00,SGD,PASS,
OCBC_1001,2024-02,BUSINESS GROWTH ACCOUNT-1001-Feb-2024.pdf,OCBC_BUSINESS_GROWTH_PDF,761,37363.03,-14879.96,22483.07,22483.07,0.00,SGD,PASS,
OCBC_1001,2024-03,BUSINESS GROWTH ACCOUNT-1001-Mar-2024.pdf,OCBC_BUSINESS_GROWTH_PDF,894,22483.07,3274.81,25757.88,25757.88,0.00,SGD,PASS,
OCBC_1001,2024-04,BUSINESS GROWTH ACCOUNT-1001-Apr-2024.pdf,OCBC_BUSINESS_GROWTH_PDF,1320,25757.88,10284.18,36042.06,36042.06,0.00,SGD,PASS,
OCBC_1001,2024-05,BUSINESS GROWTH ACCOUNT-1001-May-2024.pdf,OCBC_BUSINESS_GROWTH_PDF,1040,36042.06,-15447.03,20595.03,20595.03,0.00,SGD,PASS,
OCBC_1001,2024-06,BUSINESS GROWTH ACCOUNT-1001-Jun-2024.pdf,OCBC_BUSINESS_GROWTH_PDF,993,20595.03,33851.82,54446.85,54446.85,0.00,SGD,PASS,
OCBC_1001,2024-07,BUSINESS GROWTH ACCOUNT-1001-Jul-2024.pdf,OCBC_BUSINESS_GROWTH_PDF,1294,54446.85,4847.99,59294.84,59294.84,0.00,SGD,PASS,
OCBC_1001,2024-08,BUSINESS GROWTH ACCOUNT-1001-Aug-2024.pdf,OCBC_BUSINESS_GROWTH_PDF,1102,59294.84,-31887.19,27407.65,27407.65,0.00,SGD,PASS,
OCBC_1001,2024-09,BUSINESS GROWTH ACCOUNT-1001-Sep-2024.pdf,OCBC_BUSINESS_GROWTH_PDF,908,27407.65,6098.40,33506.05,33506.05,0.00,SGD,PASS,
OCBC_1001,2024-10,BUSINESS GROWTH ACCOUNT-1001-Oct-2024.pdf,OCBC_BUSINESS_GROWTH_PDF,673,33506.05,-17211.33,16294.72,16294.72,0.00,SGD,PASS,
OCBC_1001,2024-11,BUSINESS GROWTH ACCOUNT-1001-Nov-2024.pdf,OCBC_BUSINESS_GROWTH_PDF,728,16294.72,4422.15,20716.87,20716.87,0.00,SGD,PASS,
OCBC_1001,2024-12,BUSINESS GROWTH ACCOUNT-1001-Dec-2024.pdf,OCBC_BUSINESS_GROWTH_PDF,944,20716.87,5996.76,26713.63,26713.63,0.00,SGD,PASS,
OCBC_1001,2025-01,BUSINESS GROWTH ACCOUNT-1001-Jan-2025.pdf,OCBC_BUSINESS_GROWTH_PDF,1094,26713.63,1576.67,28290.30,28290.30,0.00,SGD,PASS,
OCBC_1001,2025-02,BUSINESS GROWTH ACCOUNT-1001-Feb-2025.pdf,OCBC_BUSINESS_GROWTH_PDF,876,28290.30,-10340.64,17949.66,17949.66,0.00,SGD,PASS,
OCBC_1001,2025-03,BUSINESS GROWTH ACCOUNT-1001-Mar-2025.pdf,OCBC_BUSINESS_GROWTH_PDF,864,17949.66,14348.60,32298.26,32298.26,0.00,SGD,PASS,
OCBC_1001,2025-04,BUSINESS GROWTH ACCOUNT-1001-Apr-2025.pdf,OCBC_BUSINESS_GROWTH_PDF,798,32298.26,-16605.29,15692.97,15692.97,0.00,SGD,PASS,
OCBC_1001,2025-05,BUSINESS GROWTH ACCOUNT-1001-May-2025.pdf,OCBC_BUSINESS_GROWTH_PDF,539,15692.97,5794.93,21487.90,21487.90,0.00,SGD,PASS,
OCBC_1001,2025-06,BUSINESS GROWTH ACCOUNT-1001-Jun-2025.pdf,OCBC_BUSINESS_GROWTH_PDF,578,21487.90,-11711.92,9775.98,9775.98,0.00,SGD,PASS,
OCBC_1001,2025-07,BUSINESS GROWTH ACCOUNT-1001-Jul-2025.pdf,OCBC_BUSINESS_GROWTH_PDF,576,9775.98,28.93,9804.91,9804.91,0.00,SGD,PASS,
OCBC_1001,2025-08,BUSINESS GROWTH ACCOUNT-1001-Aug-2025.pdf,OCBC_BUSINESS_GROWTH_PDF,441,9804.91,-2519.22,7285.69,7285.69,0.00,SGD,PASS,
OCBC_1001,2025-09,BUSINESS GROWTH ACCOUNT-1001-Sep-2025.pdf,OCBC_BUSINESS_GROWTH_PDF,194,7285.69,2990.09,10275.78,10275.78,0.00,SGD,PASS,
OCBC_1001,2025-10,BUSINESS GROWTH ACCOUNT-1001-Oct-2025.pdf,OCBC_BUSINESS_GROWTH_PDF,118,10275.78,-4580.39,5695.39,5695.39,0.00,SGD,PASS,
OCBC_1001,2025-11,BUSINESS GROWTH ACCOUNT-1001-Nov-2025.pdf,OCBC_BUSINESS_GROWTH_PDF,216,5695.39,3044.55,8739.94,8739.94,0.00,SGD,PASS,
OCBC_1001,2025-12,BUSINESS GROWTH ACCOUNT-1001-Dec-2025.pdf,OCBC_BUSINESS_GROWTH_PDF,271,8739.94,62.53,8802.47,8802.47,0.00,SGD,PASS,
OCBC_1001,2026-01,BUSINESS GROWTH ACCOUNT-1001-Jan-2026 (1).pdf,OCBC_BUSINESS_GROWTH_PDF,193,8802.47,22659.17,31461.64,31461.64,0.00,SGD,PASS,
OCBC_1001,2026-02,BUSINESS GROWTH ACCOUNT-1001-Feb-2026.pdf,OCBC_BUSINESS_GROWTH_PDF,239,31461.64,-14668.88,16792.76,16792.76,0.00,SGD,PASS,
OCBC_1001,2026-03,BUSINESS GROWTH ACCOUNT-1001-Mar-2026.pdf,OCBC_BUSINESS_GROWTH_PDF,147,16792.76,-10131.56,6661.20,6661.20,0.00,SGD,PASS,
OCBC_1001,2026-04,BUSINESS GROWTH ACCOUNT-1001-Apr-2026.pdf,OCBC_BUSINESS_GROWTH_PDF,145,6661.20,3193.04,9854.24,9854.24,0.00,SGD,PASS,
OCBC_1001,2026-05,BUSINESS GROWTH ACCOUNT-1001-May-2026.pdf,OCBC_BUSINESS_GROWTH_PDF,119,9854.24,32688.43,42542.67,42542.67,0.00,SGD,PASS,
OCBC_1001,2026-06,BUSINESS GROWTH ACCOUNT-1001-Jun-2026.pdf,OCBC_BUSINESS_GROWTH_PDF,134,42542.67,-35978.58,6564.09,6564.09,0.00,SGD,PASS,
OCBC_1001,2026-07,BUSINESS GROWTH ACCOUNT-1001-Jul-2026.pdf,OCBC_BUSINESS_GROWTH_PDF,120,6564.09,-1593.08,4971.01,4971.01,0.00,SGD,PASS,
OCBC_3001,2020-07,BUSINESS GROWTH ACCOUNT-3001-Jul-2020.pdf,OCBC_BUSINESS_GROWTH_PDF,1,3442.34,-38.00,3404.34,3404.34,0.00,SGD,PASS,
OCBC_3001,2020-08,BUSINESS GROWTH ACCOUNT-3001-Aug-2020.pdf,OCBC_BUSINESS_GROWTH_PDF,3,3404.34,155566.55,158970.89,158970.89,0.00,SGD,PASS,
OCBC_3001,2020-10,BUSINESS GROWTH ACCOUNT-3001-Oct-2020.pdf,OCBC_BUSINESS_GROWTH_PDF,1,158970.89,-637.00,158333.89,158333.89,0.00,SGD,PASS,
OCBC_3001,2020-11,BUSINESS GROWTH ACCOUNT-3001-Nov-2020.pdf,OCBC_BUSINESS_GROWTH_PDF,1,158333.89,50000.00,208333.89,208333.89,0.00,SGD,PASS,
OCBC_3001,2020-12,BUSINESS GROWTH ACCOUNT-3001-Dec-2020.pdf,OCBC_BUSINESS_GROWTH_PDF,4,208333.89,-66486.00,141847.89,141847.89,0.00,SGD,PASS,
OCBC_3001,2021-01,BUSINESS GROWTH ACCOUNT-3001-Jan-2021.pdf,OCBC_BUSINESS_GROWTH_PDF,6,141847.89,-70980.84,70867.05,70867.05,0.00,SGD,PASS,
OCBC_3001,2021-02,BUSINESS GROWTH ACCOUNT-3001-Feb-2021.pdf,OCBC_BUSINESS_GROWTH_PDF,3,70867.05,-45000.00,25867.05,25867.05,0.00,SGD,PASS,
OCBC_3001,2021-04,BUSINESS GROWTH ACCOUNT-3001-Apr-2021.pdf,OCBC_BUSINESS_GROWTH_PDF,1,25867.05,50000.00,75867.05,75867.05,0.00,SGD,PASS,
OCBC_3001,2021-06,BUSINESS GROWTH ACCOUNT-3001-Jun-2021.pdf,OCBC_BUSINESS_GROWTH_PDF,2,75867.05,-20000.00,55867.05,55867.05,0.00,SGD,PASS,
OCBC_3001,2022-04,BUSINESS GROWTH ACCOUNT-3001-Apr-2022.pdf,OCBC_BUSINESS_GROWTH_PDF,6,105867.05,-50000.00,55867.05,55867.05,0.00,SGD,PASS,
OCBC_3001,2023-01,BUSINESS GROWTH ACCOUNT-3001-Jan-2023.pdf,OCBC_BUSINESS_GROWTH_PDF,4,6700.31,49389.00,56089.31,56089.31,0.00,SGD,PASS,
OCBC_3001,2023-02,BUSINESS GROWTH ACCOUNT-3001-Feb-2023.pdf,OCBC_BUSINESS_GROWTH_PDF,1,56089.31,-50000.00,6089.31,6089.31,0.00,SGD,PASS,
OCBC_3001,2023-03,BUSINESS GROWTH ACCOUNT-3001-Mar-2023.pdf,OCBC_BUSINESS_GROWTH_PDF,12,6089.31,28000.00,34089.31,34089.31,0.00,SGD,PASS,
OCBC_3001,2023-04,BUSINESS GROWTH ACCOUNT-3001-Apr-2023.pdf,OCBC_BUSINESS_GROWTH_PDF,13,34089.31,-29999.93,4089.38,4089.38,0.00,SGD,PASS,
OCBC_3001,2023-05,BUSINESS GROWTH ACCOUNT-3001-May-2023.pdf,OCBC_BUSINESS_GROWTH_PDF,13,4089.38,13752.80,17842.18,17842.18,0.00,SGD,PASS,
OCBC_3001,2023-06,BUSINESS GROWTH ACCOUNT-3001-Jun-2023.pdf,OCBC_BUSINESS_GROWTH_PDF,59,17842.18,-10737.98,7104.20,7104.20,0.00,SGD,PASS,
OCBC_3001,2023-07,BUSINESS GROWTH ACCOUNT-3001-Jul-2023.pdf,OCBC_BUSINESS_GROWTH_PDF,7,7104.20,-5347.41,1756.79,1756.79,0.00,SGD,PASS,
OCBC_3001,2023-08,BUSINESS GROWTH ACCOUNT-3001-Aug-2023.pdf,OCBC_BUSINESS_GROWTH_PDF,10,1756.79,452.60,2209.39,2209.39,0.00,SGD,PASS,
OCBC_3001,2023-09,BUSINESS GROWTH ACCOUNT-3001-Sep-2023.pdf,OCBC_BUSINESS_GROWTH_PDF,12,2209.39,21000.00,23209.39,23209.39,0.00,SGD,PASS,
OCBC_3001,2023-10,BUSINESS GROWTH ACCOUNT-3001-Oct-2023.pdf,OCBC_BUSINESS_GROWTH_PDF,3,23209.39,-22500.00,709.39,709.39,0.00,SGD,PASS,
OCBC_3001,2023-11,BUSINESS GROWTH ACCOUNT-3001-Nov-2023.pdf,OCBC_BUSINESS_GROWTH_PDF,6,709.39,-500.00,209.39,209.39,0.00,SGD,PASS,
OCBC_3001,2023-12,BUSINESS GROWTH ACCOUNT-3001-Dec-2023.pdf,OCBC_BUSINESS_GROWTH_PDF,7,209.39,1000.00,1209.39,1209.39,0.00,SGD,PASS,
OCBC_3001,2024-01,BUSINESS GROWTH ACCOUNT-3001-Jan-2024.pdf,OCBC_BUSINESS_GROWTH_PDF,5,1209.39,15000.00,16209.39,16209.39,0.00,SGD,PASS,
OCBC_3001,2024-02,BUSINESS GROWTH ACCOUNT-3001-Feb-2024.pdf,OCBC_BUSINESS_GROWTH_PDF,7,16209.39,-11000.00,5209.39,5209.39,0.00,SGD,PASS,
OCBC_3001,2024-03,BUSINESS GROWTH ACCOUNT-3001-Mar-2024.pdf,OCBC_BUSINESS_GROWTH_PDF,7,5209.39,0.00,5209.39,5209.39,0.00,SGD,PASS,
OCBC_3001,2024-04,BUSINESS GROWTH ACCOUNT-3001-Apr-2024.pdf,OCBC_BUSINESS_GROWTH_PDF,6,5209.39,-5000.00,209.39,209.39,0.00,SGD,PASS,
OCBC_3001,2024-05,BUSINESS GROWTH ACCOUNT-3001-May-2024.pdf,OCBC_BUSINESS_GROWTH_PDF,8,209.39,0.00,209.39,209.39,0.00,SGD,PASS,
OCBC_3001,2024-06,BUSINESS GROWTH ACCOUNT-3001-Jun-2024.pdf,OCBC_BUSINESS_GROWTH_PDF,6,209.39,0.00,209.39,209.39,0.00,SGD,PASS,
OCBC_3001,2024-07,BUSINESS GROWTH ACCOUNT-3001-Jul-2024.pdf,OCBC_BUSINESS_GROWTH_PDF,8,209.39,-53.00,156.39,156.39,0.00,SGD,PASS,
OCBC_3001,2024-08,BUSINESS GROWTH ACCOUNT-3001-Aug-2024.pdf,OCBC_BUSINESS_GROWTH_PDF,6,156.39,0.00,156.39,156.39,0.00,SGD,PASS,
OCBC_3001,2024-09,BUSINESS GROWTH ACCOUNT-3001-Sep-2024.pdf,OCBC_BUSINESS_GROWTH_PDF,12,156.39,0.00,156.39,156.39,0.00,SGD,PASS,
OCBC_3001,2024-10,BUSINESS GROWTH ACCOUNT-3001-Oct-2024.pdf,OCBC_BUSINESS_GROWTH_PDF,13,156.39,0.00,156.39,156.39,0.00,SGD,PASS,
OCBC_3001,2024-11,BUSINESS GROWTH ACCOUNT-3001-Nov-2024.pdf,OCBC_BUSINESS_GROWTH_PDF,13,156.39,0.00,156.39,156.39,0.00,SGD,PASS,
OCBC_3001,2024-12,BUSINESS GROWTH ACCOUNT-3001-Dec-2024.pdf,OCBC_BUSINESS_GROWTH_PDF,16,156.39,10000.00,10156.39,10156.39,0.00,SGD,PASS,
OCBC_3001,2025-01,BUSINESS GROWTH ACCOUNT-3001-Jan-2025.pdf,OCBC_BUSINESS_GROWTH_PDF,14,10156.39,-500.00,9656.39,9656.39,0.00,SGD,PASS,
OCBC_3001,2025-02,BUSINESS GROWTH ACCOUNT-3001-Feb-2025.pdf,OCBC_BUSINESS_GROWTH_PDF,11,9656.39,-9500.00,156.39,156.39,0.00,SGD,PASS,
OCBC_3001,2025-03,BUSINESS GROWTH ACCOUNT-3001-Mar-2025.pdf,OCBC_BUSINESS_GROWTH_PDF,9,156.39,10000.00,10156.39,10156.39,0.00,SGD,PASS,
OCBC_3001,2025-04,BUSINESS GROWTH ACCOUNT-3001-Apr-2025.pdf,OCBC_BUSINESS_GROWTH_PDF,14,10156.39,-10000.00,156.39,156.39,0.00,SGD,PASS,
OCBC_3001,2025-05,BUSINESS GROWTH ACCOUNT-3001-May-2025.pdf,OCBC_BUSINESS_GROWTH_PDF,13,156.39,0.00,156.39,156.39,0.00,SGD,PASS,
OCBC_3001,2025-06,BUSINESS GROWTH ACCOUNT-3001-Jun-2025.pdf,OCBC_BUSINESS_GROWTH_PDF,17,156.39,6500.00,6656.39,6656.39,0.00,SGD,PASS,
OCBC_3001,2025-07,BUSINESS GROWTH ACCOUNT-3001-Jul-2025.pdf,OCBC_BUSINESS_GROWTH_PDF,10,6656.39,-6038.00,618.39,618.39,0.00,SGD,PASS,
OCBC_3001,2025-08,BUSINESS GROWTH ACCOUNT-3001-Aug-2025.pdf,OCBC_BUSINESS_GROWTH_PDF,12,618.39,20500.00,21118.39,21118.39,0.00,SGD,PASS,
OCBC_3001,2025-09,BUSINESS GROWTH ACCOUNT-3001-Sep-2025.pdf,OCBC_BUSINESS_GROWTH_PDF,17,21118.39,-20500.00,618.39,618.39,0.00,SGD,PASS,
OCBC_3001,2025-10,BUSINESS GROWTH ACCOUNT-3001-Oct-2025.pdf,OCBC_BUSINESS_GROWTH_PDF,17,618.39,2000.00,2618.39,2618.39,0.00,SGD,PASS,
OCBC_3001,2025-11,BUSINESS GROWTH ACCOUNT-3001-Nov-2025.pdf,OCBC_BUSINESS_GROWTH_PDF,25,2618.39,1395.00,4013.39,4013.39,0.00,SGD,PASS,
OCBC_3001,2025-12,BUSINESS GROWTH ACCOUNT-3001-Dec-2025.pdf,OCBC_BUSINESS_GROWTH_PDF,22,4013.39,6000.00,10013.39,10013.39,0.00,SGD,PASS,
OCBC_3001,2026-01,BUSINESS GROWTH ACCOUNT-3001-Jan-2026 (1).pdf,OCBC_BUSINESS_GROWTH_PDF,14,10013.39,5045.10,15058.49,15058.49,0.00,SGD,PASS,
OCBC_3001,2026-02,BUSINESS GROWTH ACCOUNT-3001-Feb-2026.pdf,OCBC_BUSINESS_GROWTH_PDF,14,15058.49,-5000.00,10058.49,10058.49,0.00,SGD,PASS,
OCBC_3001,2026-03,BUSINESS GROWTH ACCOUNT-3001-Mar-2026.pdf,OCBC_BUSINESS_GROWTH_PDF,17,10058.49,10000.00,20058.49,20058.49,0.00,SGD,PASS,
OCBC_3001,2026-04,BUSINESS GROWTH ACCOUNT-3001-Apr-2026.pdf,OCBC_BUSINESS_GROWTH_PDF,9,20058.49,31000.00,51058.49,51058.49,0.00,SGD,PASS,
OCBC_3001,2026-05,BUSINESS GROWTH ACCOUNT-3001-May-2026.pdf,OCBC_BUSINESS_GROWTH_PDF,8,51058.49,-18000.00,33058.49,33058.49,0.00,SGD,PASS,
OCBC_3001,2026-06,BUSINESS GROWTH ACCOUNT-3001-Jun-2026.pdf,OCBC_BUSINESS_GROWTH_PDF,14,33058.49,-8000.00,25058.49,25058.49,0.00,SGD,PASS,
OCBC_3001,2026-07,BUSINESS GROWTH ACCOUNT-3001-Jul-2026.pdf,OCBC_BUSINESS_GROWTH_PDF,10,25058.49,-11684.42,13374.07,13374.07,0.00,SGD,PASS,
