invoice_id,counterparty_id,inv_amount,inv_currency,invoice_date,proposed_txn_id,txn_amount,txn_currency,txn_date,match_basis,amount_delta_sgd,date_gap_days,ref_confirmed,confidence,group_id
238,80,360.0,SGD,2026-08-01,,,,,NONE,,,N,,
251,649,10000.0,USD,2026-06-01,10850,14616.88,AUD,2026-06-25,AMOUNT_GAP,-244.808,24,N,LOW,
253,70,2890.0,SGD,2026-07-09,,,,,NONE,,,N,,
265,70,130.79,SGD,2026-06-30,,,,,NONE,,,N,,
279,80,360.0,SGD,2026-07-01,,,,,NONE,,,N,,
285,649,10000.0,USD,2026-05-31,,,,,NONE,,,N,,
291,368,4650.72,AUD,2026-06-18,10868,4650.72,AUD,2026-06-26,EXACT,0.0,8,N,HIGH,
295,150,3097.18,AUD,2026-04-30,,,,,NONE,,,N,,
300,86,5000.0,AUD,2026-05-28,,,,,NONE,,,N,,
302,707,5204.35,AUD,2026-05-28,10948,5204.35,AUD,2026-07-07,EXACT,0.0,40,N,HIGH,
305,70,2785.0,SGD,2026-05-27,,,,,NONE,,,N,,
306,150,5775.51,AUD,2026-05-27,,,,,NONE,,,N,,
307,187,1777.12,AUD,2026-05-26,,,,,NONE,,,N,,
308,80,600.0,SGD,2026-06-01,,,,,NONE,,,N,,
309,649,10000.0,USD,2026-04-01,,,,,NONE,,,N,,
311,361,2911.26,AUD,2026-04-16,,,,,NONE,,,N,,
312,694,3000.0,SGD,2026-05-07,9468,3000.0,SGD,2026-05-19,EXACT,0.0,12,N,HIGH,
321,667,3421.6,AUD,2026-04-01,10686,1469.6,AUD,2026-05-21,AMOUNT_GAP,-1756.8,50,Y,MED,
322,187,3485.17,AUD,2026-05-06,10727,5262.29,AUD,2026-05-29,AMOUNT_GAP,1599.408,23,N,LOW,
323,163,286.37,AUD,2026-04-01,10581,286.37,AUD,2026-05-12,EXACT,0.0,41,N,HIGH,
325,649,10000.0,USD,2026-04-30,,,,,NONE,,,N,,
336,80,840.0,SGD,2026-05-01,,,,,NONE,,,N,,
340,70,100.0,SGD,2025-04-13,86516,86.0,SGD,2025-07-11,AMOUNT_GAP,-14.0,89,N,LOW,
342,70,510.0,SGD,2026-04-21,,,,,NONE,,,N,,
345,708,338.8,AUD,2026-04-16,,,,,NONE,,,N,,
346,709,212.02,NZD,2026-04-08,,,,,NONE,,,N,,
349,649,10000.0,USD,2026-03-31,,,,,NONE,,,N,,
353,187,2435.75,AUD,2026-04-16,10540,2435.75,AUD,2026-04-30,EXACT,0.0,14,N,HIGH,
354,361,1025.12,AUD,2026-03-31,,,,,NONE,,,N,,
358,119,69472.07,AUD,2026-03-30,,,,,NONE,,,N,,
378,106,3270.0,SGD,2026-03-29,10326,3645.48,AUD,2026-04-10,NEAR_1PCT,10.932,12,N,MED,
382,80,840.0,SGD,2026-04-01,,,,,NONE,,,N,,
384,671,385.0,AUD,2026-01-08,10355,350.0,AUD,2026-04-15,GST,-31.5,97,Y,MED,
387,70,150.0,SGD,2026-03-17,,,,,NONE,,,N,,
389,163,253.16,AUD,2026-03-19,10206,253.16,AUD,2026-03-19,EXACT,0.0,0,N,HIGH,
390,328,1393.26,AUD,2026-02-26,,,,,NONE,,,N,,
391,361,598.0,AUD,2026-03-17,,,,,NONE,,,N,,
395,87,18307.8,USD,2026-01-03,10420,25524.54,AUD,2026-04-16,AMOUNT_GAP,-1560.366,103,Y,MED,
396,694,4246.07,SGD,2026-02-26,9436,4246.07,SGD,2026-04-20,EXACT,0.0,53,N,HIGH,
398,70,180.0,SGD,2026-03-17,,,,,NONE,,,N,,
402,130,923.52,USD,2026-02-28,10568,1284.81,AUD,2026-05-06,AMOUNT_GAP,-81.1878,67,Y,MED,
403,649,10000.0,USD,2026-02-28,11120,10013.54,USD,2026-03-23,NEAR_1PCT,18.1436,23,N,MED,
407,187,7953.69,AUD,2026-01-29,10126,7953.69,AUD,2026-03-06,EXACT,0.0,36,N,HIGH,
409,649,10000.0,USD,2026-01-31,,,,,NONE,,,N,,
412,144,3270.0,SGD,2026-02-27,9408,3270.0,SGD,2026-04-15,EXACT,0.0,47,N,MED,
427,710,3149.01,AUD,2026-02-24,,,,,NONE,,,N,,
430,80,720.0,USD,2026-03-01,,,,,NONE,,,N,,
440,711,170.44,AUD,2025-12-18,,,,,NONE,,,N,,
444,649,10000.0,USD,2026-02-10,11095,10008.54,USD,2026-02-20,NEAR_1PCT,11.4436,10,N,MED,
449,694,4036.55,SGD,2026-01-21,9261,4036.55,SGD,2026-02-06,EXACT,0.0,16,N,HIGH,
450,694,5850.83,SGD,2026-01-21,9262,5850.83,SGD,2026-02-06,EXACT,0.0,16,N,HIGH,
451,664,4360.0,SGD,2026-02-05,9344,3270.0,SGD,2026-03-09,AMOUNT_GAP,-1090.0,32,Y,MED,
461,712,1836.26,SGD,2026-01-22,,,,,NONE,,,N,,
462,130,985.92,USD,2025-12-31,10567,1371.42,AUD,2026-05-06,AMOUNT_GAP,-86.8548,126,Y,MED,
466,86,3650.0,AUD,2025-06-16,,,,,NONE,,,N,,
467,80,120.0,SGD,2026-02-01,,,,,NONE,,,N,,
473,694,3000.0,SGD,2026-01-12,9374,3000.0,SGD,2026-03-20,EXACT,0.0,67,N,MED,
474,80,600.0,SGD,2026-02-01,,,,,NONE,,,N,,
476,187,7773.87,AUD,2026-01-23,9923,7773.87,AUD,2026-02-04,EXACT,0.0,12,N,HIGH,
477,144,3270.0,SGD,2026-01-15,9235,3270.0,SGD,2026-01-15,EXACT,0.0,0,N,MED,
478,86,1018.63,AUD,2026-01-21,,,,,NONE,,,N,,
483,253,1221.0,SGD,2025-02-01,9240,1221.0,SGD,2026-01-16,EXACT,0.0,349,N,HIGH,
484,622,1760.0,AUD,2025-08-31,9799,1760.0,AUD,2026-01-22,EXACT,0.0,144,N,HIGH,
485,550,3261.99,SGD,2026-01-14,9234,3261.99,SGD,2026-01-15,EXACT,0.0,1,N,HIGH,
486,28,13546.18,AUD,2026-01-13,,,,,NONE,,,N,,
491,70,800.0,SGD,2026-01-09,,,,,NONE,,,N,,
501,672,20.6,SGD,2025-12-30,9212,30.0,SGD,2026-01-02,AMOUNT_GAP,9.4,3,Y,MED,
506,714,1452.0,AUD,2025-12-24,,,,,NONE,,,N,,
507,80,720.0,SGD,2026-01-01,,,,,NONE,,,N,,
508,715,830.0,AUD,2025-12-27,,,,,NONE,,,N,,
514,649,10000.0,USD,2025-11-30,9787,14896.54,AUD,2026-01-20,NEAR_1PCT,6.886,51,N,MED,
516,117,214.52,AUD,2025-11-17,9752,214.52,AUD,2026-01-15,EXACT,0.0,59,N,HIGH,
526,671,1501.5,AUD,2025-12-12,97814,385.0,AUD,2025-12-15,AMOUNT_GAP,-1004.85,3,N,LOW,
532,511,3270.0,SGD,2025-12-07,9230,3270.0,SGD,2026-01-12,EXACT,0.0,36,N,HIGH,
533,144,3270.0,SGD,2025-11-28,9227,3270.0,SGD,2026-01-12,EXACT,0.0,45,N,MED,
534,328,825.0,AUD,2025-11-14,104952,78.13,AUD,2025-11-21,AMOUNT_GAP,-672.183,7,N,LOW,
539,80,1320.0,SGD,2025-12-01,,,,,NONE,,,N,,
540,70,3700.0,SGD,2025-11-25,,,,,NONE,,,N,,
541,717,4183.0,AUD,2025-11-28,,,,,NONE,,,N,,
543,132,514.05,AUD,2025-11-18,9683,514.05,AUD,2026-01-12,EXACT,0.0,55,N,HIGH,
545,328,1933.53,AUD,2025-11-14,,,,,NONE,,,N,,
546,655,3173.2,SGD,2025-11-25,10546,1478.5,AUD,2026-04-30,AMOUNT_GAP,-1842.55,156,N,LOW,
550,87,300.34,USD,2025-11-03,95270,401.12,SGD,2025-11-20,NEAR_1PCT,-1.3356,17,N,MED,
554,116,4598.24,USD,2025-10-31,95267,5463.54,SGD,2025-11-20,GST,-698.1016,20,N,LOW,
555,31,3370.6,USD,2025-09-29,,,,,NONE,,,N,,
559,355,7823.5,SGD,2025-09-01,95312,7823.5,SGD,2025-12-15,EXACT,0.0,105,N,HIGH,
563,719,1292.51,AUD,2025-11-14,,,,,NONE,,,N,,
564,655,3000.0,USD,2025-11-13,97718,6000.0,AUD,2025-11-24,AMOUNT_GAP,1380.0,11,N,LOW,
565,720,840.0,SGD,2025-11-12,,,,,NONE,,,N,,
566,70,500.0,SGD,2025-11-10,,,,,NONE,,,N,,
567,70,610.0,SGD,2025-10-17,104787,3.32,AUD,2025-11-05,AMOUNT_GAP,-607.012,19,N,LOW,
570,80,1440.0,SGD,2025-10-01,,,,,NONE,,,N,,
572,655,3000.0,SGD,2025-09-14,97497,3000.0,AUD,2025-09-23,GST,-300.0,9,N,LOW,
573,70,520.0,SGD,2025-09-13,,,,,NONE,,,N,,
574,70,6000.0,SGD,2025-09-12,,,,,NONE,,,N,,
575,120,4750.0,SGD,2023-08-28,94980,4750.0,SGD,2025-09-12,EXACT,0.0,746,N,MED,
576,119,82384.34,AUD,2025-02-19,,,,,NONE,,,N,,
577,48,187.0,AUD,2025-08-21,,,,,NONE,,,N,,
579,550,2783.88,SGD,2023-01-01,,,,,NONE,,,N,,
580,144,4360.0,SGD,2025-06-11,95356,4360.0,SGD,2025-12-17,EXACT,0.0,189,N,HIGH,
581,649,12084.0,USD,2025-08-31,95090,15677.03,SGD,2025-09-30,AMOUNT_GAP,-515.53,30,N,LOW,
582,649,12084.0,USD,2025-07-30,,,,,NONE,,,N,,
583,98,350.06,USD,2025-08-31,,,,,NONE,,,N,,
585,28,19628.96,AUD,2025-08-18,,,,,NONE,,,N,,
593,70,1255.0,SGD,2025-08-29,,,,,NONE,,,N,,
595,70,689.0,SGD,2025-08-27,,,,,NONE,,,N,,
597,721,82274.34,AUD,2025-08-26,,,,,NONE,,,N,,
601,145,3080.0,AUD,2025-08-26,,,,,NONE,,,N,,
602,655,3000.0,SGD,2025-08-28,,,,,NONE,,,N,,
609,355,164.74,SGD,2025-08-01,97491,197.12,AUD,2025-09-22,AMOUNT_GAP,12.668,52,Y,MED,
612,88,5052.47,AUD,2025-07-17,,,,,NONE,,,N,,
615,80,2010.0,SGD,2025-09-01,,,,,NONE,,,N,,
621,694,3696.34,SGD,2025-07-22,,,,,NONE,,,N,,
622,694,3354.67,SGD,2025-07-22,,,,,NONE,,,N,,
624,694,476.18,SGD,2025-07-08,9239,476.18,SGD,2026-01-15,EXACT,0.0,191,N,HIGH,
629,328,6228.24,AUD,2025-07-31,,,,,NONE,,,N,,
630,145,3500.0,AUD,2025-08-06,,,,,NONE,,,N,,
631,697,39.24,SGD,2025-08-06,,,,,NONE,,,N,,
634,655,3000.0,AUD,2025-08-12,97441,3000.0,AUD,2025-09-12,EXACT,0.0,31,N,MED,
635,666,2350.0,SGD,2025-08-11,9407,2350.0,SGD,2026-04-15,EXACT,0.0,247,N,HIGH,
639,102,5000.0,AUD,2025-08-08,97319,5000.0,AUD,2025-08-25,EXACT,0.0,17,N,MED,
644,70,500.0,SGD,2025-08-04,104618,3.45,AUD,2025-10-14,AMOUNT_GAP,-496.895,71,N,LOW,
645,116,4748.6,USD,2025-07-31,9535,6422.56,SGD,2026-05-29,NEAR_1PCT,59.436,302,N,MED,
646,98,350.7,USD,2025-07-31,87638,470.09,SGD,2025-11-07,NEAR_1PCT,0.152,99,N,MED,
649,70,12688.15,SGD,2025-06-24,,,,,NONE,,,N,,
650,70,10898.91,SGD,2025-07-01,,,,,NONE,,,N,,
651,70,10902.18,SGD,2025-06-01,,,,,NONE,,,N,,
652,70,21057.71,SGD,2025-05-28,,,,,NONE,,,N,,
653,70,15857.87,SGD,2025-04-30,,,,,NONE,,,N,,
654,70,20931.82,SGD,2025-01-21,,,,,NONE,,,N,,
655,70,13787.96,SGD,2024-12-20,,,,,NONE,,,N,,
656,70,15808.82,SGD,2024-11-01,,,,,NONE,,,N,,
657,144,35.98,SGD,2024-09-01,94860,39.24,SGD,2025-08-18,GST,3.26,351,N,LOW,
658,144,16031.8,SGD,2024-09-01,94866,16031.8,SGD,2025-08-23,EXACT,0.0,356,N,HIGH,
659,70,705.0,SGD,2025-08-01,,,,,NONE,,,N,,
661,70,3750.0,SGD,2025-07-31,,,,,NONE,,,N,,
667,146,640.0,SGD,2026-01-12,,,,,NONE,,,N,,
668,328,1404.25,AUD,2025-02-05,103363,1146.66,AUD,2025-03-07,AMOUNT_GAP,-231.831,30,N,LOW,
669,154,2016.5,SGD,2025-07-30,94814,2016.0,SGD,2025-08-06,NEAR_1PCT,-0.5,7,N,MED,
671,355,183.54,SGD,2025-07-21,97490,219.38,AUD,2025-09-22,AMOUNT_GAP,13.902,63,Y,MED,
672,119,82272.63,AUD,2025-07-25,,,,,NONE,,,N,,
673,119,82272.63,AUD,2025-06-30,,,,,NONE,,,N,,
674,119,82274.32,AUD,2025-06-10,,,,,NONE,,,N,,
676,80,2250.0,SGD,2025-08-01,,,,,NONE,,,N,,
678,86,5000.0,AUD,2025-07-07,,,,,NONE,,,N,,
682,102,2200.0,AUD,2025-07-21,97312,2200.0,AUD,2025-08-22,EXACT,0.0,32,N,HIGH,
683,694,5154.36,SGD,2025-07-22,95174,5154.36,SGD,2025-10-23,EXACT,0.0,93,N,HIGH,
687,693,5000.0,AUD,2025-06-10,97337,5000.0,AUD,2025-08-25,EXACT,0.0,76,N,MED,
689,655,2046.32,AUD,2025-07-22,97255,2047.32,AUD,2025-07-24,NEAR_1PCT,0.9,2,N,MED,
691,550,2783.88,SGD,2025-07-16,94977,2783.88,SGD,2025-09-09,EXACT,0.0,55,N,HIGH,
693,70,540.0,SGD,2025-07-19,,,,,NONE,,,N,,
695,70,800.0,SGD,2025-07-16,,,,,NONE,,,N,,
696,72,220.0,AUD,2025-07-16,97394,220.0,AUD,2025-09-04,EXACT,0.0,50,N,MED,
697,698,605.0,AUD,2025-07-17,,,,,NONE,,,N,,
703,70,1526.0,SGD,2025-07-14,,,,,NONE,,,N,,
709,355,172.95,SGD,2025-06-01,97487,206.82,AUD,2025-09-22,AMOUNT_GAP,13.188,113,Y,MED,
710,355,5683.58,SGD,2025-06-01,97486,6738.33,AUD,2025-09-22,AMOUNT_GAP,380.917,113,Y,MED,
720,87,823.7,USD,2025-03-06,95268,1120.81,SGD,2025-11-20,AMOUNT_GAP,17.052,259,N,LOW,
722,87,18308.82,USD,2025-03-04,94877,24610.25,SGD,2025-08-25,NEAR_1PCT,76.4312,174,N,MED,
724,116,4538.6,USD,2025-06-30,94742,6651.97,SGD,2025-07-16,GST,570.246,16,N,LOW,
725,116,4679.25,USD,2025-05-31,97873,6932.67,AUD,2025-12-24,NEAR_1PCT,-30.792,207,N,MED,
728,693,3000.0,AUD,2025-07-04,97336,3000.0,AUD,2025-08-25,EXACT,0.0,52,N,MED,
729,70,2420.0,SGD,2025-07-02,,,,,NONE,,,N,,
730,86,5000.0,AUD,2025-07-08,,,,,NONE,,,N,,
731,652,1100.0,AUD,2025-06-11,97780,1100.0,AUD,2025-12-02,EXACT,0.0,174,N,MED,
734,509,25454.4,AUD,2025-05-31,10819,25600.0,AUD,2026-06-16,NEAR_1PCT,131.04,381,N,MED,
739,509,47789.6,AUD,2024-11-06,96249,47790.6,AUD,2024-12-05,NEAR_1PCT,0.9,29,N,MED,
745,693,2000.0,AUD,2025-05-27,97338,2000.0,AUD,2025-08-25,EXACT,0.0,90,N,MED,
748,70,300.0,SGD,2025-06-21,,,,,NONE,,,N,,
749,72,165.0,AUD,2025-03-19,97397,165.0,AUD,2025-09-04,EXACT,0.0,169,N,MED,
750,146,810.0,SGD,2025-05-31,94688,280.0,SGD,2025-07-03,AMOUNT_GAP,-530.0,33,N,LOW,
755,117,425.37,AUD,2025-06-17,97360,425.37,AUD,2025-08-28,EXACT,0.0,72,N,MED,
758,70,400.0,SGD,2025-07-06,,,,,NONE,,,N,,
759,102,5000.0,AUD,2025-05-30,,,,,NONE,,,N,,
760,72,220.0,AUD,2025-06-06,,,,,NONE,,,N,,
761,70,500.0,SGD,2025-05-07,,,,,NONE,,,N,,
763,70,6158.0,SGD,2025-07-02,,,,,NONE,,,N,,
765,102,5000.0,AUD,2025-05-31,,,,,NONE,,,N,,
766,70,4300.0,SGD,2025-07-01,,,,,NONE,,,N,,
768,655,7000.0,SGD,2025-07-01,97303,7001.0,AUD,2025-08-06,GST,-699.1,36,N,LOW,
771,88,1916.98,AUD,2025-06-16,,,,,NONE,,,N,,
775,79,2378.25,AUD,2025-05-28,97190,1561.8,AUD,2025-07-03,AMOUNT_GAP,-734.805,36,N,LOW,
776,145,2000.0,AUD,2025-06-09,,,,,NONE,,,N,,
780,145,1655.0,AUD,2025-06-13,,,,,NONE,,,N,,
781,150,40.0,SGD,2025-06-18,,,,,NONE,,,N,,
791,655,3000.0,SGD,2025-06-17,97158,3001.0,AUD,2025-06-26,GST,-299.1,9,N,LOW,
792,80,3240.0,SGD,2025-07-01,,,,,NONE,,,N,,
794,146,100.0,SGD,2025-06-13,94686,100.0,SGD,2025-07-03,EXACT,0.0,20,N,MED,
796,153,21.8,SGD,2025-06-12,94556,20.0,SGD,2025-06-13,AMOUNT_GAP,-1.8,1,Y,MED,
797,58,3619.0,AUD,2025-06-12,97152,3620.0,AUD,2025-06-25,NEAR_1PCT,0.9,13,N,MED,
801,27,1526.0,SGD,2025-07-13,94745,1526.0,SGD,2025-07-22,EXACT,0.0,9,N,MED,
805,693,2300.0,AUD,2025-05-23,97167,2001.0,AUD,2025-06-27,AMOUNT_GAP,-269.1,35,Y,MED,
807,48,99.0,AUD,2025-05-10,,,,,NONE,,,N,,
808,693,300.0,AUD,2025-05-20,,,,,NONE,,,N,,
809,84,1362.0,SGD,2025-05-28,,,,,NONE,,,N,,
810,693,300.0,AUD,2025-06-03,97788,300.0,AUD,2025-12-09,EXACT,0.0,189,N,MED,
817,117,838.49,AUD,2025-05-18,97186,839.49,AUD,2025-07-03,NEAR_1PCT,0.9,46,N,MED,
820,125,40000.0,INR,2024-07-01,93450,624.09,SGD,2024-10-12,AMOUNT_GAP,-19.91,103,N,LOW,
821,652,5665.0,AUD,2025-09-05,97855,3952.5,AUD,2025-12-23,AMOUNT_GAP,-1541.25,109,N,LOW,
825,34,1890.0,AUD,2025-05-29,97250,1891.0,AUD,2025-07-22,NEAR_1PCT,0.9,54,N,MED,
826,724,1000.0,SGD,2025-05-29,94663,1000.0,SGD,2025-06-27,EXACT,0.0,29,N,HIGH,
827,80,2910.0,SGD,2025-06-01,,,,,NONE,,,N,,
828,88,5000.0,AUD,2025-05-19,,,,,NONE,,,N,,
831,693,2700.0,AUD,2025-05-22,97330,2700.0,AUD,2025-08-25,EXACT,0.0,95,N,HIGH,
832,100,391.8,AUD,2025-05-28,,,,,NONE,,,N,,
833,146,60.0,SGD,2025-04-22,94550,60.0,SGD,2025-06-10,EXACT,0.0,49,N,MED,
834,102,2750.0,AUD,2025-05-26,97177,2751.0,AUD,2025-07-02,NEAR_1PCT,0.9,37,N,MED,
836,88,4408.57,AUD,2025-05-16,,,,,NONE,,,N,,
838,150,1355.93,AUD,2025-02-18,,,,,NONE,,,N,,
839,119,82274.34,AUD,2025-05-07,,,,,NONE,,,N,,
840,693,2000.0,AUD,2025-05-19,,,,,NONE,,,N,,
841,102,5500.0,AUD,2025-05-22,97039,5001.0,AUD,2025-05-22,GST,-449.1,0,N,LOW,
842,655,3000.0,SGD,2025-05-22,97129,3001.0,AUD,2025-06-09,GST,-299.1,18,N,LOW,
843,693,300.0,AUD,2025-05-09,,,,,NONE,,,N,,
844,80,166.45,SGD,2025-05-20,,,,,NONE,,,N,,
845,70,1200.0,SGD,2025-05-20,,,,,NONE,,,N,,
848,157,4141.85,AUD,2023-10-01,97248,4142.85,AUD,2025-07-22,NEAR_1PCT,0.9,660,N,MED,
849,102,5000.0,AUD,2025-05-17,,,,,NONE,,,N,,
850,80,120.0,SGD,2025-05-16,,,,,NONE,,,N,,
851,694,1500.0,SGD,2024-11-27,9236,1500.0,SGD,2026-01-15,EXACT,0.0,414,N,HIGH,
852,70,8660.0,SGD,2025-05-17,,,,,NONE,,,N,,
860,70,1670.0,SGD,2025-05-15,,,,,NONE,,,N,,
861,70,250.0,SGD,2025-04-22,,,,,NONE,,,N,,
863,70,750.0,SGD,2025-06-05,,,,,NONE,,,N,,
866,145,1000.0,AUD,2025-05-11,,,,,NONE,,,N,,
867,145,1000.0,AUD,2025-09-05,,,,,NONE,,,N,,
868,120,5500.0,SGD,2025-05-13,94510,5500.0,SGD,2025-05-14,EXACT,0.0,1,N,HIGH,
870,693,2000.0,AUD,2025-05-12,,,,,NONE,,,N,,
872,133,5000.0,AUD,2025-05-13,,,,,NONE,,,N,,
878,70,3468.0,SGD,2025-05-11,,,,,NONE,,,N,,
881,693,300.0,AUD,2025-01-21,,,,,NONE,,,N,,
882,655,3000.0,SGD,2025-05-12,96992,3001.0,AUD,2025-05-14,GST,-299.1,2,N,LOW,
883,726,40000.0,INR,2024-11-01,,,,,NONE,,,N,,
888,83,-168.97,AUD,2025-02-18,96847,169.97,AUD,2025-03-31,NEAR_1PCT,0.9,41,N,MED,
890,138,5000.0,AUD,2025-05-09,97413,5000.0,AUD,2025-09-09,EXACT,0.0,123,N,MED,
893,693,300.0,AUD,2025-05-07,,,,,NONE,,,N,,
898,115,297.0,AUD,2025-06-05,,,,,NONE,,,N,,
899,70,670.0,SGD,2025-05-05,,,,,NONE,,,N,,
900,102,5000.0,AUD,2025-05-06,,,,,NONE,,,N,,
902,115,429.8,AUD,2025-04-29,,,,,NONE,,,N,,
903,115,665.87,AUD,2025-04-12,,,,,NONE,,,N,,
908,145,2468.4,AUD,2025-04-29,97109,2469.4,AUD,2025-05-29,NEAR_1PCT,0.9,30,N,MED,
910,80,3240.0,SGD,2025-05-01,,,,,NONE,,,N,,
911,149,2750.0,AUD,2025-04-01,97119,2751.0,AUD,2025-06-02,NEAR_1PCT,0.9,62,N,MED,
915,655,2000.0,SGD,2025-04-29,97532,2200.0,AUD,2025-10-09,NEAR_1PCT,-20.0,163,N,MED,
916,117,543.49,AUD,2025-04-15,97184,544.49,AUD,2025-07-03,NEAR_1PCT,0.9,79,N,MED,
923,84,1362.0,SGD,2025-03-23,94385,1362.0,SGD,2025-04-15,EXACT,0.0,23,N,MED,
924,143,1531.0,AUD,2025-03-13,96945,1201.0,AUD,2025-04-28,AMOUNT_GAP,-297.0,46,Y,MED,
925,146,820.0,SGD,2025-04-25,,,,,NONE,,,N,,
926,725,101.0,SGD,2025-04-25,94506,210.0,SGD,2025-05-09,AMOUNT_GAP,109.0,14,N,LOW,
927,693,2300.0,AUD,2025-03-21,96843,2301.0,AUD,2025-03-31,NEAR_1PCT,0.9,10,N,MED,
930,28,21333.4,AUD,2025-03-31,,,,,NONE,,,N,,
936,602,152.0,SGD,2025-04-23,104872,7.68,AUD,2025-11-11,AMOUNT_GAP,-145.088,202,N,LOW,
937,693,2500.0,AUD,2025-04-23,96938,2501.0,AUD,2025-04-28,NEAR_1PCT,0.9,5,N,MED,
938,145,50.0,AUD,2025-04-23,,,,,NONE,,,N,,
946,135,1925.0,AUD,2025-01-24,96966,2826.6,AUD,2025-05-08,AMOUNT_GAP,811.44,104,N,LOW,
947,70,210.0,SGD,2025-04-16,,,,,NONE,,,N,,
948,70,3100.0,SGD,2025-04-10,,,,,NONE,,,N,,
949,70,350.0,SGD,2025-03-19,,,,,NONE,,,N,,
950,70,1500.0,SGD,2025-02-28,83709,91.1,SGD,2025-03-07,AMOUNT_GAP,-1408.9,7,N,LOW,
951,70,1200.0,SGD,2025-02-19,,,,,NONE,,,N,,
952,694,17730.0,SGD,2023-01-29,92306,16292.41,SGD,2024-05-29,AMOUNT_GAP,-1437.59,486,N,LOW,
954,693,2000.0,AUD,2025-04-15,,,,,NONE,,,N,,
956,693,2500.0,AUD,2025-04-09,,,,,NONE,,,N,,
959,655,3000.0,AUD,2025-04-17,,,,,NONE,,,N,,
960,655,3000.0,AUD,2025-04-14,,,,,NONE,,,N,,
964,693,2000.0,AUD,2025-04-09,,,,,NONE,,,N,,
966,102,2970.0,AUD,2025-03-02,96907,2971.0,AUD,2025-04-14,NEAR_1PCT,0.9,43,N,MED,
970,44,2035.0,AUD,2024-12-23,96943,1851.0,AUD,2025-04-28,GST,-165.6,126,Y,MED,
971,119,82274.34,AUD,2025-03-26,,,,,NONE,,,N,,
983,693,2000.0,AUD,2025-04-01,,,,,NONE,,,N,,
984,212,0.0,AUD,2025-02-20,96731,5684.05,AUD,2025-03-04,AMOUNT_GAP,0.0,12,N,LOW,
986,728,0.0,AUD,2024-12-19,96344,1498.33,AUD,2024-12-27,AMOUNT_GAP,0.0,8,N,LOW,
987,80,3210.0,SGD,2025-03-31,,,,,NONE,,,N,,
989,212,2451.0,AUD,2025-02-11,97374,2130.9,AUD,2025-09-01,AMOUNT_GAP,-288.09,202,N,LOW,
990,729,1.0,AUD,2025-03-27,,,,,NONE,,,N,,
992,144,17138.61,SGD,2025-02-01,94871,17138.61,SGD,2025-08-23,EXACT,0.0,203,N,HIGH,
993,144,17442.43,SGD,2025-01-01,94870,17442.73,SGD,2025-08-23,NEAR_1PCT,0.3,234,N,MED,
994,119,82274.34,AUD,2025-03-13,,,,,NONE,,,N,,
995,119,82384.34,AUD,2025-02-19,,,,,NONE,,,N,,
1009,70,2600.0,SGD,2025-01-31,,,,,NONE,,,N,,
1010,144,20931.82,SGD,2025-01-01,94869,20931.82,SGD,2025-08-23,EXACT,0.0,234,N,MED,
1011,144,13787.96,SGD,2024-12-01,94868,13787.96,SGD,2025-08-23,EXACT,0.0,265,N,HIGH,
1017,116,5783.04,USD,2025-01-31,10841,8568.09,AUD,2026-06-23,NEAR_1PCT,-37.9926,508,N,MED,
1018,355,8921.66,SGD,2025-03-01,9218,9730.12,SGD,2026-01-07,GST,808.46,312,N,LOW,
1019,355,234.53,SGD,2025-03-01,9220,233.68,SGD,2026-01-07,NEAR_1PCT,-0.85,312,N,MED,
1021,355,2721.43,SGD,2025-02-01,94598,587.99,SGD,2025-06-24,AMOUNT_GAP,-2133.44,143,N,LOW,
1022,355,10817.49,SGD,2025-02-01,,,,,NONE,,,N,,
1024,355,11207.29,SGD,2025-01-01,10419,11385.61,AUD,2026-04-16,GST,-960.241,470,N,LOW,
1025,355,3126.55,SGD,2025-01-01,94594,5451.07,SGD,2025-06-24,AMOUNT_GAP,2324.52,174,N,LOW,
1026,582,825.0,AUD,2025-03-24,96899,826.0,AUD,2025-04-07,NEAR_1PCT,0.9,14,N,MED,
1028,582,220.0,AUD,2025-03-24,96898,221.0,AUD,2025-04-07,NEAR_1PCT,0.9,14,N,MED,
1033,72,165.0,AUD,2025-03-14,,,,,NONE,,,N,,
1035,59,70.0,SGD,2025-03-17,94978,70.0,SGD,2025-09-10,EXACT,0.0,177,N,HIGH,
1036,693,3000.0,AUD,2025-03-04,,,,,NONE,,,N,,
1039,72,330.0,AUD,2025-03-17,97399,330.0,AUD,2025-09-04,EXACT,0.0,171,N,MED,
1041,72,330.0,AUD,2025-01-08,,,,,NONE,,,N,,
1042,72,330.0,AUD,2025-01-08,,,,,NONE,,,N,,
1047,72,220.0,AUD,2024-12-17,96806,331.0,AUD,2025-03-25,AMOUNT_GAP,99.9,98,Y,MED,
1050,83,15929.1,AUD,2025-03-14,96915,10983.41,AUD,2025-04-15,AMOUNT_GAP,-4451.121,32,N,LOW,
1054,132,663.25,AUD,2025-02-27,96874,664.25,AUD,2025-04-03,NEAR_1PCT,0.9,35,N,MED,
1055,119,64323.21,AUD,2025-02-10,,,,,NONE,,,N,,
1056,119,64323.21,AUD,2025-03-13,,,,,NONE,,,N,,
1062,130,1119.0,USD,2025-02-28,96851,1787.76,AUD,2025-03-31,AMOUNT_GAP,109.524,31,Y,MED,
1064,693,300.0,AUD,2025-03-04,,,,,NONE,,,N,,
1067,82,13094.4,USD,2025-03-03,96830,20865.37,AUD,2025-03-28,AMOUNT_GAP,1232.337,25,Y,MED,
1068,82,12830.4,USD,2025-02-03,96821,12462.34,AUD,2025-03-27,AMOUNT_GAP,-5976.63,52,Y,MED,
1069,582,82.5,AUD,2025-03-06,96900,83.5,AUD,2025-04-07,AMOUNT_GAP,0.9,32,N,LOW,
1070,582,220.0,AUD,2025-03-06,,,,,NONE,,,N,,
1071,119,15354.71,AUD,2025-01-31,,,,,NONE,,,N,,
1072,149,8800.0,AUD,2025-03-03,96788,2751.0,AUD,2025-03-14,AMOUNT_GAP,-5444.1,11,Y,MED,
1074,88,3523.85,AUD,2025-01-21,,,,,NONE,,,N,,
1082,29,152.73,AUD,2025-02-17,96978,141.0,AUD,2025-05-08,AMOUNT_GAP,-10.557,80,Y,MED,
1083,72,220.0,AUD,2025-01-09,,,,,NONE,,,N,,
1084,112,731.5,AUD,2025-02-25,,,,,NONE,,,N,,
1091,102,880.0,AUD,2025-01-03,96684,881.0,AUD,2025-02-25,NEAR_1PCT,0.9,53,N,MED,
1093,102,2950.0,AUD,2025-01-23,96686,2951.0,AUD,2025-02-25,NEAR_1PCT,0.9,33,N,MED,
1094,693,2000.0,AUD,2025-02-13,,,,,NONE,,,N,,
1096,693,2000.0,AUD,2025-02-13,,,,,NONE,,,N,,
1097,328,5677.52,AUD,2025-02-20,,,,,NONE,,,N,,
1102,130,2130.0,USD,2025-01-31,96850,3400.79,AUD,2025-03-31,AMOUNT_GAP,206.511,59,Y,MED,
1103,328,213.2,AUD,2025-02-19,104608,78.13,AUD,2025-10-10,AMOUNT_GAP,-121.563,233,N,LOW,
1104,88,2797.85,AUD,2024-11-27,,,,,NONE,,,N,,
1106,70,1526.0,SGD,2025-02-14,,,,,NONE,,,N,,
1107,328,884.5,AUD,2025-02-17,104159,940.09,AUD,2025-07-23,AMOUNT_GAP,50.031,156,N,LOW,
1108,102,1780.0,AUD,2025-02-13,96683,1781.0,AUD,2025-02-25,NEAR_1PCT,0.9,12,N,MED,
1109,72,220.0,AUD,2025-01-28,,,,,NONE,,,N,,
1110,693,2000.0,AUD,2025-02-13,,,,,NONE,,,N,,
1111,697,196.2,SGD,2025-01-08,,,,,NONE,,,N,,
1112,117,321.42,AUD,2025-01-18,9753,320.83,AUD,2026-01-15,NEAR_1PCT,-0.531,362,N,MED,
1116,146,1878.0,SGD,2025-02-10,,,,,NONE,,,N,,
1118,693,2000.0,AUD,2025-01-28,,,,,NONE,,,N,,
1120,88,2692.8,AUD,2025-02-04,,,,,NONE,,,N,,
1121,88,2824.25,AUD,2024-12-18,,,,,NONE,,,N,,
1122,119,252129.88,AUD,2025-01-15,,,,,NONE,,,N,,
1124,149,8800.0,AUD,2025-02-03,103225,8800.0,AUD,2025-02-15,EXACT,0.0,12,N,MED,
1128,693,2000.0,AUD,2025-01-24,,,,,NONE,,,N,,
1133,157,2276.34,AUD,2025-01-30,96917,2277.34,AUD,2025-04-15,NEAR_1PCT,0.9,75,N,MED,
1134,157,6927.47,AUD,2025-01-30,96856,6928.47,AUD,2025-04-01,NEAR_1PCT,0.9,61,N,MED,
1135,157,2500.0,AUD,2025-01-30,96858,2501.0,AUD,2025-04-01,NEAR_1PCT,0.9,61,N,MED,
1146,102,950.4,AUD,2025-01-15,96682,951.4,AUD,2025-02-25,NEAR_1PCT,0.9,41,N,MED,
1147,102,1815.0,AUD,2025-01-11,96681,1816.0,AUD,2025-02-25,NEAR_1PCT,0.9,45,N,MED,
1149,102,363.0,AUD,2025-01-03,96680,364.0,AUD,2025-02-25,NEAR_1PCT,0.9,53,N,MED,
1155,693,2000.0,AUD,2025-01-24,,,,,NONE,,,N,,
1157,130,1350.0,USD,2024-12-31,96601,2185.9,AUD,2025-02-04,GST,158.31,35,Y,MED,
1159,23,2600.0,AUD,2024-12-20,96691,2601.0,AUD,2025-02-26,NEAR_1PCT,0.9,68,N,MED,
1161,117,470.87,AUD,2024-12-20,96644,471.58,AUD,2025-02-17,NEAR_1PCT,0.639,59,N,MED,
1164,95,3300.0,AUD,2024-12-20,,,,,NONE,,,N,,
1165,23,4850.0,AUD,2024-12-12,96690,4851.0,AUD,2025-02-26,NEAR_1PCT,0.9,76,N,MED,
1166,95,2520.0,AUD,2024-12-12,,,,,NONE,,,N,,
1167,95,1865.0,AUD,2024-12-07,97408,1350.0,AUD,2025-09-09,AMOUNT_GAP,-463.5,276,N,LOW,
1168,355,12543.91,SGD,2025-01-23,10593,12309.72,AUD,2026-05-14,AMOUNT_GAP,-1465.162,476,N,LOW,
1169,693,2000.0,AUD,2025-01-20,,,,,NONE,,,N,,
1172,693,2000.0,AUD,2025-01-17,,,,,NONE,,,N,,
1173,116,12023.16,USD,2024-11-30,,,,,NONE,,,N,,
1174,116,11687.29,USD,2024-10-31,9939,8156.77,AUD,2026-02-10,AMOUNT_GAP,-8319.8756,467,Y,MED,
1178,70,7110.0,SGD,2024-12-31,,,,,NONE,,,N,,
1179,39,1430.0,AUD,2024-12-13,96490,1431.0,AUD,2025-01-20,NEAR_1PCT,0.9,38,N,MED,
1180,39,3635.5,AUD,2024-11-25,96489,3636.5,AUD,2025-01-20,NEAR_1PCT,0.9,56,N,MED,
1181,39,3905.0,AUD,2024-11-25,96488,3906.0,AUD,2025-01-20,NEAR_1PCT,0.9,56,N,MED,
1182,70,1116.22,AUD,2025-01-18,,,,,NONE,,,N,,
1183,84,1362.0,SGD,2025-01-25,93971,1362.0,SGD,2025-01-31,EXACT,0.0,6,N,MED,
1186,44,16880.83,AUD,2024-12-24,96833,8881.63,AUD,2025-03-28,AMOUNT_GAP,-7199.28,94,Y,MED,
1191,146,2990.0,SGD,2024-12-01,,,,,NONE,,,N,,
1192,70,1526.0,SGD,2025-01-14,,,,,NONE,,,N,,
1195,117,2374.13,AUD,2024-11-18,96711,2375.13,AUD,2025-02-28,NEAR_1PCT,0.9,102,N,MED,
1197,72,330.0,AUD,2024-12-20,,,,,NONE,,,N,,
1199,53,545.46,AUD,2025-07-01,,,,,NONE,,,N,,
1204,72,330.0,AUD,2025-01-06,,,,,NONE,,,N,,
1206,102,1980.0,AUD,2025-01-03,96635,1981.0,AUD,2025-02-11,NEAR_1PCT,0.9,39,N,MED,
1208,70,877.5,SGD,2024-09-18,,,,,NONE,,,N,,
1212,30,1020.79,AUD,2025-01-02,,,,,NONE,,,N,,
1215,30,928.09,AUD,2024-12-24,,,,,NONE,,,N,,
1218,23,3200.0,AUD,2024-12-03,96631,3201.0,AUD,2025-02-11,NEAR_1PCT,0.9,70,N,MED,
1220,117,913.15,AUD,2024-11-30,96643,914.15,AUD,2025-02-17,NEAR_1PCT,0.9,79,N,MED,
1222,95,2910.0,AUD,2024-11-29,,,,,NONE,,,N,,
1223,730,1225.14,AUD,2024-11-28,96633,1216.14,AUD,2025-02-11,NEAR_1PCT,-8.1,75,N,MED,
1224,39,3520.0,AUD,2024-11-25,96487,3521.0,AUD,2025-01-20,NEAR_1PCT,0.9,56,N,MED,
1225,95,3720.0,AUD,2024-11-23,,,,,NONE,,,N,,
1227,70,5630.0,SGD,2024-11-30,,,,,NONE,,,N,,
1229,693,170.0,AUD,2024-09-25,96845,171.0,AUD,2025-03-31,NEAR_1PCT,0.9,187,N,MED,
1233,70,1526.0,SGD,2024-12-14,,,,,NONE,,,N,,
1234,72,385.0,AUD,2024-12-13,96805,331.0,AUD,2025-03-25,AMOUNT_GAP,-48.6,102,N,LOW,
1236,109,1650.0,AUD,2024-12-10,96294,1651.0,AUD,2024-12-16,NEAR_1PCT,0.9,6,N,MED,
1237,109,1375.0,AUD,2024-12-10,,,,,NONE,,,N,,
1238,109,440.0,AUD,2024-12-10,96289,386.0,AUD,2024-12-16,AMOUNT_GAP,-48.6,6,N,LOW,
1239,109,2083.0,AUD,2024-12-10,96287,1981.0,AUD,2024-12-16,AMOUNT_GAP,-91.8,6,N,LOW,
1240,109,1348.0,AUD,2024-12-10,96292,1343.0,AUD,2024-12-16,NEAR_1PCT,-4.5,6,N,MED,
1241,109,1485.0,AUD,2024-12-10,,,,,NONE,,,N,,
1242,109,1122.0,AUD,2024-12-10,96291,1046.0,AUD,2024-12-16,AMOUNT_GAP,-68.4,6,N,LOW,
1243,109,1870.0,AUD,2024-12-10,96288,1761.0,AUD,2024-12-16,AMOUNT_GAP,-98.1,6,N,LOW,
1244,109,1375.0,AUD,2024-12-10,,,,,NONE,,,N,,
1245,109,2310.0,AUD,2024-12-10,,,,,NONE,,,N,,
1246,109,1375.0,AUD,2024-12-10,,,,,NONE,,,N,,
1249,130,1371.0,USD,2024-11-30,96330,2205.12,AUD,2024-12-24,AMOUNT_GAP,147.468,24,Y,MED,
1251,82,11000.0,USD,2024-11-01,96328,17491.0,AUD,2024-12-24,AMOUNT_GAP,1001.9,53,Y,MED,
1252,82,11457.6,USD,2024-12-04,96327,18218.58,AUD,2024-12-24,AMOUNT_GAP,1043.538,20,Y,MED,
1256,693,2000.0,AUD,2024-12-09,,,,,NONE,,,N,,
1260,83,148.5,AUD,2024-11-30,96472,149.5,AUD,2025-01-15,NEAR_1PCT,0.9,46,N,MED,
1262,87,3636.63,USD,2024-10-25,96838,5795.34,AUD,2025-03-31,AMOUNT_GAP,342.7218,157,Y,MED,
1263,65,1974.74,AUD,2024-12-09,,,,,NONE,,,N,,
1266,146,1860.0,SGD,2024-12-09,94271,550.0,SGD,2025-04-03,AMOUNT_GAP,-1310.0,115,N,LOW,
1267,146,2490.0,SGD,2024-10-31,,,,,NONE,,,N,,
1268,36,380.0,SGD,2024-10-28,96265,456.43,AUD,2024-12-11,AMOUNT_GAP,30.787,44,Y,MED,
1271,36,380.0,SGD,2024-11-28,96266,447.62,AUD,2024-12-11,AMOUNT_GAP,22.858,13,Y,MED,
1272,84,1362.0,SGD,2024-11-25,93882,1362.0,SGD,2025-01-16,EXACT,0.0,52,N,MED,
1274,23,7650.0,AUD,2024-11-14,96901,7651.0,AUD,2025-04-08,NEAR_1PCT,0.9,145,N,MED,
1275,95,5000.0,AUD,2024-11-06,96596,7001.0,AUD,2025-02-01,AMOUNT_GAP,1800.9,87,N,LOW,
1276,39,3300.0,AUD,2024-11-04,96486,3301.0,AUD,2025-01-20,NEAR_1PCT,0.9,77,N,MED,
1278,95,3150.0,AUD,2024-11-02,,,,,NONE,,,N,,
1279,117,1548.39,AUD,2024-11-01,96839,1549.39,AUD,2025-03-31,NEAR_1PCT,0.9,150,N,MED,
1280,23,4900.0,AUD,2024-10-31,96630,4901.0,AUD,2025-02-11,NEAR_1PCT,0.9,103,N,MED,
1289,731,2457.95,SGD,2024-11-26,93702,1228.97,SGD,2024-11-26,AMOUNT_GAP,-1228.98,0,Y,MED,
1290,693,2000.0,AUD,2024-11-22,,,,,NONE,,,N,,
1293,53,660.0,AUD,2024-11-23,96175,661.23,AUD,2024-11-23,NEAR_1PCT,1.107,0,N,MED,
1299,93,8000.0,SGD,2024-11-21,10688,11000.0,AUD,2026-05-21,AMOUNT_GAP,1900.0,546,N,LOW,
1300,93,1308.0,SGD,2024-11-21,102982,2149.43,AUD,2025-01-09,AMOUNT_GAP,626.487,49,N,LOW,
1301,93,4360.0,SGD,2024-11-21,102981,5567.29,AUD,2025-01-09,AMOUNT_GAP,650.561,49,N,LOW,
1305,60,704.0,AUD,2024-09-30,96170,705.23,AUD,2024-11-20,NEAR_1PCT,1.107,51,N,MED,
1308,124,1028.5,AUD,2024-09-09,96243,1029.5,AUD,2024-12-02,NEAR_1PCT,0.9,84,N,MED,
1313,693,2000.0,AUD,2024-11-13,,,,,NONE,,,N,,
1318,693,2000.0,AUD,2024-10-28,,,,,NONE,,,N,,
1319,693,2000.0,AUD,2024-11-05,,,,,NONE,,,N,,
1321,146,1820.0,SGD,2024-09-30,93575,1330.0,SGD,2024-11-05,AMOUNT_GAP,-490.0,36,N,LOW,
1325,83,533.5,AUD,2024-10-18,96233,534.5,AUD,2024-11-28,NEAR_1PCT,0.9,41,N,MED,
1331,732,3521.05,AUD,2024-10-23,,,,,NONE,,,N,,
1334,155,15000.0,INR,2024-10-22,,,,,NONE,,,N,,
1337,70,7915.0,SGD,2024-09-30,,,,,NONE,,,N,,
1341,131,11550.0,MYR,2024-08-12,,,,,NONE,,,N,,
1350,65,1811.44,AUD,2024-10-01,,,,,NONE,,,N,,
1353,84,1362.0,SGD,2024-09-25,93439,1362.0,SGD,2024-10-09,EXACT,0.0,14,N,MED,
1354,155,32500.0,INR,2024-09-22,,,,,NONE,,,N,,
1355,144,10898.91,SGD,2024-09-23,94875,10898.91,SGD,2025-08-23,EXACT,0.0,334,N,MED,
1356,144,10898.91,SGD,2024-09-23,,,,,NONE,,,N,,
1358,144,29934.13,SGD,2024-09-23,93956,29934.13,SGD,2025-01-24,EXACT,0.0,123,N,HIGH,
1359,70,8915.0,SGD,2024-08-31,,,,,NONE,,,N,,
1360,146,2970.0,SGD,2024-07-31,,,,,NONE,,,N,,
1365,66,7865.54,AUD,2024-08-01,,,,,NONE,,,N,,
1367,70,1526.0,SGD,2024-09-14,,,,,NONE,,,N,,
1368,128,300.0,SGD,2024-09-13,94330,300.0,SGD,2025-04-09,EXACT,0.0,208,N,MED,
1371,147,521.4,AUD,2024-09-13,95994,522.63,AUD,2024-09-13,NEAR_1PCT,1.107,0,N,MED,
1375,116,4054.8,USD,2024-08-31,94741,5440.54,SGD,2025-07-16,NEAR_1PCT,7.108,319,N,MED,
1378,83,115.5,AUD,2024-08-31,96303,133.0,AUD,2024-12-18,AMOUNT_GAP,15.75,109,N,LOW,
1380,45,370.0,USD,2024-09-08,96414,602.72,AUD,2025-01-09,GST,46.648,123,Y,MED,
1383,155,23000.0,INR,2024-08-23,,,,,NONE,,,N,,
1384,70,534.1,SGD,2024-08-16,83290,220.48,SGD,2025-02-23,AMOUNT_GAP,-313.62,191,N,LOW,
1389,84,1362.0,SGD,2024-08-27,93128,1362.0,SGD,2024-08-31,EXACT,0.0,4,N,MED,
1391,70,6250.0,SGD,2024-07-31,,,,,NONE,,,N,,
1393,144,3270.0,SGD,2024-08-16,93037,3270.0,SGD,2024-08-26,EXACT,0.0,10,N,MED,
1401,148,2043.75,USD,2024-06-03,102215,3052.5,AUD,2024-11-07,NEAR_1PCT,8.625,157,N,MED,
1402,49,2860.0,AUD,2024-07-25,95983,2861.23,AUD,2024-09-06,NEAR_1PCT,1.107,43,N,MED,
1403,49,2970.0,AUD,2024-07-25,95985,2971.23,AUD,2024-09-09,NEAR_1PCT,1.107,46,N,MED,
1404,55,150.0,SGD,2024-07-30,92866,150.0,SGD,2024-08-08,EXACT,0.0,9,N,HIGH,
1405,146,3360.0,SGD,2024-08-06,,,,,NONE,,,N,,
1407,65,1644.32,AUD,2024-08-01,95965,1645.55,AUD,2024-08-15,NEAR_1PCT,1.107,14,N,MED,
1408,50,175.0,SGD,2024-07-24,92841,175.0,SGD,2024-08-06,EXACT,0.0,13,N,HIGH,
1410,50,150.0,SGD,2024-07-31,92849,150.0,SGD,2024-08-06,EXACT,0.0,6,N,MED,
1413,84,1362.0,SGD,2024-07-29,92834,1362.0,SGD,2024-08-05,EXACT,0.0,7,N,MED,
1414,70,7820.0,SGD,2024-06-30,,,,,NONE,,,N,,
1418,155,29000.0,INR,2024-07-23,,,,,NONE,,,N,,
1421,694,3000.0,SGD,2024-07-16,92743,3000.0,SGD,2024-07-19,EXACT,0.0,3,N,MED,
1424,83,60.5,AUD,2024-06-30,96849,81.69,AUD,2025-03-31,AMOUNT_GAP,19.071,274,N,LOW,
1428,87,269.61,USD,2024-03-03,95178,359.94,SGD,2025-10-27,NEAR_1PCT,-1.3374,603,N,MED,
1430,50,250.0,SGD,2024-07-11,92737,250.0,SGD,2024-07-17,EXACT,0.0,6,N,MED,
1433,87,287.8,USD,2024-03-05,94540,420.11,SGD,2025-06-03,GST,34.458,455,N,LOW,
1435,27,1526.0,SGD,2024-07-14,93016,1526.0,SGD,2024-08-20,EXACT,0.0,37,N,MED,
1439,694,3000.0,SGD,2024-06-30,,,,,NONE,,,N,,
1441,253,39.88,SGD,2024-07-05,92620,39.88,SGD,2024-07-05,EXACT,0.0,0,N,HIGH,
1442,54,54.0,AUD,2024-07-03,,,,,NONE,,,N,,
1448,146,1870.0,SGD,2024-05-31,,,,,NONE,,,N,,
1449,161,385.0,AUD,2024-06-27,101215,385.0,AUD,2024-06-27,EXACT,0.0,0,N,HIGH,
1450,155,29500.0,INR,2024-06-23,,,,,NONE,,,N,,
1453,70,60.0,SGD,2024-06-17,78757,54.11,SGD,2024-09-15,GST,-5.89,90,N,LOW,
1454,70,1623.0,SGD,2024-05-31,,,,,NONE,,,N,,
1461,49,2265.0,AUD,2024-07-06,,,,,NONE,,,N,,
1469,77,128.88,USD,2024-03-31,93206,169.35,SGD,2024-09-13,AMOUNT_GAP,-3.3492,166,N,LOW,
1480,68,300.0,USD,2024-05-27,,,,,NONE,,,N,,
1481,93,4333.8,SGD,2024-05-27,92301,4333.8,SGD,2024-05-29,EXACT,0.0,2,N,MED,
1485,155,20000.0,INR,2024-05-21,,,,,NONE,,,N,,
1487,146,3380.0,SGD,2024-04-30,,,,,NONE,,,N,,
1489,38,14811.0,AUD,2024-05-28,10352,13546.18,AUD,2026-04-15,GST,-1138.338,687,N,LOW,
1494,694,3000.0,SGD,2024-05-10,92238,3000.0,SGD,2024-05-24,EXACT,0.0,14,N,MED,
1496,355,3156.01,SGD,2024-05-02,92688,849.48,SGD,2024-07-10,AMOUNT_GAP,-2306.53,69,Y,MED,
1500,694,4484.24,SGD,2024-04-12,,,,,NONE,,,N,,
1502,98,2215.06,USD,2024-04-30,77319,2936.76,SGD,2024-08-05,AMOUNT_GAP,-31.4204,97,N,LOW,
1508,144,3270.0,SGD,2024-04-30,92131,3270.0,SGD,2024-05-08,EXACT,0.0,8,N,MED,
1509,84,1362.0,USD,2024-04-30,96172,1557.0,AUD,2024-11-21,AMOUNT_GAP,-423.78,205,N,LOW,
1510,59,3270.0,SGD,2024-04-29,92132,3270.0,SGD,2024-05-08,EXACT,0.0,9,N,HIGH,
1516,507,16671.0,PHP,2024-04-23,92397,946.2,SGD,2024-06-11,AMOUNT_GAP,546.096,49,N,LOW,
1517,155,22500.0,INR,2024-04-21,,,,,NONE,,,N,,
1518,146,1830.0,SGD,2024-04-01,,,,,NONE,,,N,,
1533,70,1680.0,SGD,2024-03-15,,,,,NONE,,,N,,
1535,155,24000.0,INR,2024-03-21,,,,,NONE,,,N,,
1543,84,1000.0,USD,2024-03-20,91860,1000.0,SGD,2024-03-29,AMOUNT_GAP,-340.0,9,Y,MED,
1547,70,120.0,SGD,2024-03-14,74360,108.8,SGD,2024-05-15,GST,-11.2,62,N,LOW,
1549,135,5009.45,AUD,2024-03-13,95855,5010.02,AUD,2024-03-15,NEAR_1PCT,0.513,2,N,MED,
1553,155,14000.0,INR,2024-02-25,,,,,NONE,,,N,,
1558,131,12600.0,MYR,2023-01-30,,,,,NONE,,,N,,
1562,59,1000.0,SGD,2024-02-26,91623,2000.0,SGD,2024-02-26,AMOUNT_GAP,1000.0,0,Y,MED,
1563,155,21000.0,INR,2024-02-18,,,,,NONE,,,N,,
1567,694,4982.23,SGD,2024-01-09,,,,,NONE,,,N,,
1569,146,2000.0,SGD,2024-02-18,,,,,NONE,,,N,,
1572,70,40000.0,INR,2024-02-12,,,,,NONE,,,N,,
1575,151,1520.0,USD,2024-02-12,91544,1760.58,SGD,2024-02-15,AMOUNT_GAP,-276.22,3,Y,MED,
1578,151,1520.0,USD,2024-02-05,91520,1502.85,SGD,2024-02-08,AMOUNT_GAP,-533.95,3,Y,MED,
1581,96,51044.33,INR,2024-02-02,,,,,NONE,,,N,,
1586,151,1520.0,USD,2024-01-24,91432,1596.97,SGD,2024-01-26,AMOUNT_GAP,-439.83,2,Y,MED,
1824,153,400.0,SGD,2026-07-07,,,,,NONE,,,N,,
1836,146,200.0,SGD,2026-05-09,9531,120.0,SGD,2026-05-29,AMOUNT_GAP,-80.0,20,N,LOW,
1842,28,2997.5,AUD,1900-01-01,,,,,NONE,,,N,,
1845,38,8857.0,AUD,2026-04-15,,,,,NONE,,,N,,
1846,38,8857.76,AUD,1900-01-01,,,,,NONE,,,N,,
1848,219,333.0,SGD,1900-01-01,,,,,NONE,,,N,,
1849,657,3742.17,SGD,2026-04-08,10443,5249.32,AUD,2026-04-22,AMOUNT_GAP,982.218,14,N,LOW,
1850,750,4246.07,SGD,2026-04-08,,,,,NONE,,,N,,
1858,102,968.0,AUD,2026-03-03,10107,968.0,AUD,2026-03-04,EXACT,0.0,1,N,HIGH,
1862,28,770.0,AUD,1900-01-01,,,,,NONE,,,N,,
1863,111,1034.0,AUD,2026-02-17,10104,1034.0,AUD,2026-03-04,EXACT,0.0,15,N,HIGH,
1867,86,2306.0,AUD,1900-01-01,,,,,NONE,,,N,,
1868,138,2090.0,AUD,2026-02-09,10105,2090.0,AUD,2026-03-04,EXACT,0.0,23,N,HIGH,
1869,28,2771.0,AUD,1900-01-01,,,,,NONE,,,N,,
1871,70,140.0,SGD,2026-02-06,,,,,NONE,,,N,,
1877,144,3270.0,SGD,2026-01-30,9257,3270.0,SGD,2026-02-04,EXACT,0.0,5,N,MED,
1879,699,2558.6,AUD,2026-01-22,,,,,NONE,,,N,,
1880,699,3612.3,AUD,2026-01-22,,,,,NONE,,,N,,
1882,657,4712.16,USD,2026-01-15,9259,6012.4,SGD,2026-02-04,AMOUNT_GAP,-301.8944,20,N,LOW,
1891,752,3000.0,AUD,2025-12-24,,,,,NONE,,,N,,
1894,138,880.0,AUD,1900-01-01,,,,,NONE,,,N,,
1899,757,2431.61,AUD,2025-12-10,,,,,NONE,,,N,,
1905,671,330.0,AUD,2025-12-01,,,,,NONE,,,N,,
1911,246,50.0,SGD,1900-01-01,,,,,NONE,,,N,,
1912,28,3492.0,AUD,1900-01-01,,,,,NONE,,,N,,
1913,760,1842.61,AUD,2025-11-13,,,,,NONE,,,N,,
1915,622,275.0,AUD,1900-01-01,,,,,NONE,,,N,,
1923,146,80.0,SGD,1900-01-01,,,,,NONE,,,N,,
1925,694,1803.5,SGD,1900-01-01,,,,,NONE,,,N,,
1926,55,600.0,SGD,1900-01-01,,,,,NONE,,,N,,
1928,755,600.0,SGD,2025-09-14,,,,,NONE,,,N,,
1931,145,2200.0,AUD,2025-09-02,,,,,NONE,,,N,,
1932,661,6762.11,AUD,2025-08-27,9684,6762.11,AUD,2026-01-12,EXACT,0.0,138,N,HIGH,
1934,658,309.1,AUD,2025-08-20,97424,309.1,AUD,2025-09-10,EXACT,0.0,21,N,HIGH,
1935,70,1250.0,SGD,2025-08-20,,,,,NONE,,,N,,
1936,102,1200.0,AUD,2025-07-24,97313,1200.0,AUD,2025-08-22,EXACT,0.0,29,N,MED,
1938,753,605.0,AUD,2025-07-17,,,,,NONE,,,N,,
1939,132,510.18,AUD,2025-07-12,97664,510.18,AUD,2025-11-12,EXACT,0.0,123,N,MED,
1941,138,2750.0,AUD,1900-01-01,,,,,NONE,,,N,,
1943,752,100.0,AUD,2025-06-25,,,,,NONE,,,N,,
1944,88,3355.85,AUD,2025-06-17,,,,,NONE,,,N,,
1945,154,3270.0,SGD,1900-01-01,,,,,NONE,,,N,,
1946,145,2800.0,AUD,2025-06-13,,,,,NONE,,,N,,
1950,57,1210.0,AUD,2025-05-08,9681,1210.0,AUD,2026-01-12,EXACT,0.0,249,N,HIGH,
1954,694,3025.65,SGD,2025-04-08,94327,3025.65,SGD,2025-04-08,EXACT,0.0,0,N,MED,
1955,65,950.22,AUD,2025-03-26,96896,951.22,AUD,2025-04-07,NEAR_1PCT,0.9,12,N,MED,
1956,117,1933.71,AUD,2025-03-26,96910,1934.71,AUD,2025-04-14,NEAR_1PCT,0.9,19,N,MED,
1957,116,11476.44,USD,2025-03-24,94269,13485.11,SGD,2025-04-03,AMOUNT_GAP,-1893.3196,10,N,LOW,
1958,219,2000.0,SGD,1900-01-01,,,,,NONE,,,N,,
1959,655,2000.0,AUD,1900-01-01,,,,,NONE,,,N,,
2002,593,34.0,SGD,1900-01-01,,,,,NONE,,,N,,
2005,150,240.0,USD,1900-01-01,,,,,NONE,,,N,,
2026,63,5450.0,SGD,1900-01-01,,,,,NONE,,,N,,
2235,652,3952.5,AUD,1900-01-01,,,,,NONE,,,N,,
2238,750,4325.29,SGD,2025-09-17,,,,,NONE,,,N,,
2239,142,22180.1,AUD,2025-11-03,9808,22180.1,AUD,2026-01-23,EXACT,0.0,81,N,HIGH,
2240,117,465.54,AUD,2025-11-05,9749,465.54,AUD,2026-01-15,EXACT,0.0,71,N,HIGH,
2243,125,25000.0,INR,1900-01-01,,,,,NONE,,,N,,
2244,142,21564.35,AUD,1900-01-01,,,,,NONE,,,N,,
2245,28,18907.83,AUD,2025-10-06,97546,1760.0,AUD,2025-10-20,AMOUNT_GAP,-15433.047,14,N,LOW,
2246,150,5000.0,AUD,1900-01-01,,,,,NONE,,,N,,
2247,117,1270.57,AUD,2025-11-05,9748,1270.57,AUD,2026-01-15,EXACT,0.0,71,N,HIGH,
2249,87,275.97,USD,1900-01-01,,,,,NONE,,,N,,
2250,31,2990.91,USD,2025-10-09,9318,4024.5,SGD,2026-02-19,NEAR_1PCT,16.6806,133,N,MED,
2252,70,1000.0,SGD,1900-01-01,,,,,NONE,,,N,,
2253,146,340.0,SGD,2025-09-29,95160,280.0,SGD,2025-10-21,AMOUNT_GAP,-60.0,22,N,LOW,
2254,138,3900.0,AUD,1900-01-01,,,,,NONE,,,N,,
2255,246,50.0,SGD,1900-01-01,,,,,NONE,,,N,,
2261,651,450.0,AUD,2025-11-04,97824,450.0,AUD,2025-12-17,EXACT,0.0,43,N,HIGH,
2264,70,650.0,SGD,1900-01-01,,,,,NONE,,,N,,
2265,652,1322.2,AUD,1900-01-01,,,,,NONE,,,N,,
2266,651,350.0,AUD,2025-11-05,97828,350.0,AUD,2025-12-17,EXACT,0.0,42,N,HIGH,
2268,142,21660.06,AUD,2025-09-29,,,,,NONE,,,N,,
2269,138,2090.0,AUD,1900-01-01,,,,,NONE,,,N,,
2270,146,250.0,SGD,1900-01-01,,,,,NONE,,,N,,
2272,115,1106.0,AUD,2025-09-29,,,,,NONE,,,N,,
2275,652,1842.5,AUD,1900-01-01,,,,,NONE,,,N,,
2276,652,693.0,AUD,2025-10-06,97666,693.0,AUD,2025-11-12,EXACT,0.0,37,N,HIGH,
2277,138,787.0,AUD,1900-01-01,,,,,NONE,,,N,,
2278,38,1074.08,AUD,1900-01-01,,,,,NONE,,,N,,
2279,651,220.0,AUD,2025-11-04,97825,220.0,AUD,2025-12-17,EXACT,0.0,43,N,HIGH,
2280,651,240.0,AUD,2025-11-04,97826,240.0,AUD,2025-12-17,EXACT,0.0,43,N,HIGH,
2281,138,1727.66,AUD,1900-01-01,,,,,NONE,,,N,,
2282,138,3432.0,AUD,1900-01-01,,,,,NONE,,,N,,
2283,652,2789.6,AUD,1900-01-01,,,,,NONE,,,N,,
2284,138,4180.0,AUD,2025-09-25,97712,4180.0,AUD,2025-11-21,EXACT,0.0,57,N,HIGH,
2285,146,220.0,SGD,1900-01-01,,,,,NONE,,,N,,
2289,651,295.0,AUD,2025-11-06,97827,295.0,AUD,2025-12-17,EXACT,0.0,41,N,HIGH,
2290,319,1238.0,USD,1900-01-01,,,,,NONE,,,N,,
2291,694,3823.23,SGD,1900-01-01,,,,,NONE,,,N,,
2294,48,165.0,AUD,2025-10-14,,,,,NONE,,,N,,
2298,130,828.0,USD,2025-10-08,10951,1237.31,AUD,2026-07-08,NEAR_1PCT,4.059,273,N,MED,
2299,652,1796.28,AUD,1900-01-01,,,,,NONE,,,N,,
2302,655,3000.0,AUD,1900-01-01,,,,,NONE,,,N,,
2304,651,330.0,AUD,2025-10-21,97829,330.0,AUD,2025-12-17,EXACT,0.0,57,N,HIGH,
2305,130,951.0,USD,2025-09-29,9894,1414.01,AUD,2026-01-30,NEAR_1PCT,-1.731,123,N,MED,
2306,652,1859.0,AUD,1900-01-01,,,,,NONE,,,N,,
2307,138,210.0,AUD,2025-10-09,97840,210.0,AUD,2025-12-19,EXACT,0.0,71,N,HIGH,
2309,693,3000.0,AUD,1900-01-01,,,,,NONE,,,N,,
2310,138,450.0,AUD,1900-01-01,,,,,NONE,,,N,,
2313,750,3519.42,SGD,2025-09-17,,,,,NONE,,,N,,
2314,82,12084.0,USD,1900-01-01,,,,,NONE,,,N,,
2315,138,335.5,AUD,1900-01-01,,,,,NONE,,,N,,
2318,694,2653.33,SGD,1900-01-01,,,,,NONE,,,N,,
2319,694,5000.0,SGD,1900-01-01,,,,,NONE,,,N,,
2320,652,577.5,AUD,2025-10-04,97667,577.5,AUD,2025-11-12,EXACT,0.0,39,N,HIGH,
2321,138,198.0,AUD,1900-01-01,,,,,NONE,,,N,,
2322,567,109.0,SGD,1900-01-01,,,,,NONE,,,N,,
2323,48,165.0,AUD,2025-10-20,,,,,NONE,,,N,,
2324,756,,USD,2025-10-18,,,,,NONE,,,N,,
2327,63,2180.0,SGD,2025-10-30,9424,2180.0,SGD,2026-04-15,EXACT,0.0,167,N,HIGH,
2329,138,462.0,AUD,1900-01-01,,,,,NONE,,,N,,
2331,652,1430.0,AUD,1900-01-01,,,,,NONE,,,N,,
2332,3,440.0,AUD,2025-09-26,10189,440.0,AUD,2026-03-16,EXACT,0.0,171,N,HIGH,
2333,88,250.0,AUD,1900-01-01,,,,,NONE,,,N,,
2334,655,2200.0,AUD,1900-01-01,,,,,NONE,,,N,,
2337,759,1180.0,AUD,2025-10-11,,,,,NONE,,,N,,
2338,138,1340.0,AUD,1900-01-01,,,,,NONE,,,N,,
2339,138,1200.0,AUD,2025-10-05,97713,1200.0,AUD,2025-11-21,EXACT,0.0,47,N,HIGH,
2340,117,1005.07,AUD,2025-10-08,9747,1005.07,AUD,2026-01-15,EXACT,0.0,99,N,HIGH,
2341,665,2372.34,SGD,2025-10-29,9410,2372.34,SGD,2026-04-15,EXACT,0.0,168,N,HIGH,
2376,65,999.62,AUD,2024-11-05,96893,1000.62,AUD,2025-04-07,NEAR_1PCT,0.9,153,N,MED,
2392,104,2284.0,USD,2024-12-10,96260,3598.07,AUD,2024-12-11,AMOUNT_GAP,177.703,1,N,LOW,
2412,84,1362.0,SGD,2025-02-24,,,,,NONE,,,N,,
2414,751,300.0,AUD,2025-03-10,,,,,NONE,,,N,,
2415,751,300.0,AUD,2025-03-10,,,,,NONE,,,N,,
2419,27,1526.0,SGD,2025-04-15,94386,1526.0,SGD,2025-04-15,EXACT,0.0,0,N,MED,
2423,492,40000.0,INR,2025-05-12,,,,,NONE,,,N,,
2424,149,2750.0,AUD,2025-06-03,97226,2751.0,AUD,2025-07-09,NEAR_1PCT,0.9,36,N,MED,
2425,144,3270.0,SGD,1900-01-01,,,,,NONE,,,N,,
2426,146,280.0,SGD,1900-01-01,,,,,NONE,,,N,,
2427,83,2059.2,AUD,2025-07-16,97355,2059.2,AUD,2025-08-27,EXACT,0.0,42,N,HIGH,
2428,146,70.0,SGD,1900-01-01,,,,,NONE,,,N,,
2429,102,1200.0,AUD,2025-07-24,,,,,NONE,,,N,,
2430,72,165.0,AUD,1900-01-01,,,,,NONE,,,N,,
2431,146,60.0,SGD,1900-01-01,,,,,NONE,,,N,,
2432,72,330.0,AUD,1900-01-01,,,,,NONE,,,N,,
2433,28,1100.0,AUD,1900-01-01,,,,,NONE,,,N,,
2434,149,2000.0,AUD,1900-01-01,,,,,NONE,,,N,,
2435,72,330.0,AUD,1900-01-01,,,,,NONE,,,N,,
2436,72,165.0,AUD,1900-01-01,,,,,NONE,,,N,,
2438,72,110.0,AUD,1900-01-01,,,,,NONE,,,N,,
2440,655,3000.0,AUD,1900-01-01,,,,,NONE,,,N,,
2441,111,814.0,AUD,1900-01-01,,,,,NONE,,,N,,
2442,27,1526.0,SGD,1900-01-01,,,,,NONE,,,N,,
2444,138,330.0,AUD,1900-01-01,,,,,NONE,,,N,,
2445,72,220.0,AUD,1900-01-01,,,,,NONE,,,N,,
2446,649,12084.0,USD,1900-01-01,,,,,NONE,,,N,,
2447,117,7507.5,AUD,2025-10-08,9746,7507.5,AUD,2026-01-15,EXACT,0.0,99,N,HIGH,
2448,138,175.0,AUD,1900-01-01,,,,,NONE,,,N,,
2449,111,1023.0,AUD,1900-01-01,,,,,NONE,,,N,,
2450,128,300.0,SGD,1900-01-01,,,,,NONE,,,N,,
2451,72,220.0,AUD,1900-01-01,,,,,NONE,,,N,,
2452,149,2000.0,AUD,2025-10-13,97652,2000.0,AUD,2025-11-10,EXACT,0.0,28,N,MED,
2453,655,3000.0,AUD,1900-01-01,,,,,NONE,,,N,,
2454,652,3000.0,AUD,1900-01-01,,,,,NONE,,,N,,
2455,102,5000.0,AUD,1900-01-01,,,,,NONE,,,N,,
2458,72,220.0,AUD,1900-01-01,,,,,NONE,,,N,,
2459,80,1440.0,SGD,1900-01-01,,,,,NONE,,,N,,
2460,246,50.0,SGD,1900-01-01,,,,,NONE,,,N,,
2461,72,220.0,AUD,1900-01-01,,,,,NONE,,,N,,
2462,27,1526.0,SGD,2025-11-01,95264,1526.0,SGD,2025-11-18,EXACT,0.0,17,N,HIGH,
2463,652,3000.0,AUD,1900-01-01,,,,,NONE,,,N,,
2465,138,1595.0,AUD,1900-01-01,,,,,NONE,,,N,,
2467,149,2000.0,AUD,1900-01-01,,,,,NONE,,,N,,
2468,622,1760.0,AUD,1900-01-01,,,,,NONE,,,N,,
2470,246,50.0,SGD,1900-01-01,,,,,NONE,,,N,,
2471,111,814.0,AUD,2025-11-30,9784,814.0,AUD,2026-01-20,EXACT,0.0,51,N,HIGH,
2474,138,5000.0,AUD,1900-01-01,,,,,NONE,,,N,,
2476,72,220.0,AUD,1900-01-01,,,,,NONE,,,N,,
2477,274,5491.2,AUD,1900-01-01,,,,,NONE,,,N,,
2478,28,1100.0,AUD,2026-02-20,10003,1100.0,AUD,2026-02-23,EXACT,0.0,3,N,HIGH,
2480,72,330.0,AUD,1900-01-01,,,,,NONE,,,N,,
2481,758,50.0,SGD,2026-07-27,,,,,NONE,,,N,,
