id,company_id,vendor_name,qb_vendor_id,currency,default_expense_account,upload_type,upload_batch_id,status,error_message,vendor_data,qb_response,created_at,updated_at
54,9130354593661056,1 Key Locksmiths,305,AUD,49,single,bulk_20250703_170916,created,,"{""Notes"": ""Metadata: {'default_expense_account': '49', 'created_by': 'vendor_manager'}"", ""CurrencyRef"": {""value"": ""AUD""}, ""DisplayName"": ""1 Key Locksmiths""}","{""Id"": ""305"", ""Active"": true, ""domain"": ""QBO"", ""sparse"": false, ""Balance"": 0, ""MetaData"": {""CreateTime"": ""2025-07-03T00:09:19-07:00"", ""LastUpdatedTime"": ""2025-07-03T00:09:19-07:00""}, ""SyncToken"": ""0"", ""Vendor1099"": false, ""CurrencyRef"": {""name"": ""Australian Dollar"", ""value"": ""AUD""}, ""DisplayName"": ""1 Key Locksmiths"", ""PrintOnCheckName"": ""1 Key Locksmiths""}",09:19.3,09:19.3
197,9130354593661056,1ST CLASS TOWING PTY LTD,389,AUD,156,single,bulk_20250705_120404,created,,"{""Notes"": ""Metadata: {'default_expense_account': '156', 'created_by': 'vendor_manager'}"", ""CurrencyRef"": {""value"": ""AUD""}, ""DisplayName"": ""1ST CLASS TOWING PTY LTD""}","{""Id"": ""389"", ""Active"": true, ""domain"": ""QBO"", ""sparse"": false, ""Balance"": 0, ""MetaData"": {""CreateTime"": ""2025-07-04T19:05:42-07:00"", ""LastUpdatedTime"": ""2025-07-04T19:05:42-07:00""}, ""SyncToken"": ""0"", ""Vendor1099"": false, ""CurrencyRef"": {""name"": ""Australian Dollar"", ""value"": ""AUD""}, ""DisplayName"": ""1ST CLASS TOWING PTY LTD"", ""PrintOnCheckName"": ""1ST CLASS TOWING PTY LTD""}",05:43.2,05:43.2
196,9130354593661056,AAAC Towing Pty Ltd,388,AUD,156,single,bulk_20250705_120404,created,,"{""Notes"": ""Metadata: {'default_expense_account': '156', 'created_by': 'vendor_manager'}"", ""CurrencyRef"": {""value"": ""AUD""}, ""DisplayName"": ""AAAC Towing Pty Ltd""}","{""Id"": ""388"", ""Active"": true, ""domain"": ""QBO"", ""sparse"": false, ""Balance"": 0, ""MetaData"": {""CreateTime"": ""2025-07-04T19:05:40-07:00"", ""LastUpdatedTime"": ""2025-07-04T19:05:40-07:00""}, ""SyncToken"": ""0"", ""Vendor1099"": false, ""CurrencyRef"": {""name"": ""Australian Dollar"", ""value"": ""AUD""}, ""DisplayName"": ""AAAC Towing Pty Ltd"", ""PrintOnCheckName"": ""AAAC Towing Pty Ltd""}",05:40.1,05:40.1
219,9130354593661056,AAI Ltd,396,AUD,91,single,,created,,"{""Notes"": ""Metadata: {'default_expense_account': '91', 'created_by': 'vendor_manager'}"", ""CompanyName"": ""AAI Ltd"", ""CurrencyRef"": {""value"": ""AUD""}, ""DisplayName"": ""AAI Ltd""}","{""Id"": ""396"", ""Active"": true, ""domain"": ""QBO"", ""sparse"": false, ""Balance"": 0, ""MetaData"": {""CreateTime"": ""2025-07-21T03:08:41-07:00"", ""LastUpdatedTime"": ""2025-07-21T03:08:41-07:00""}, ""SyncToken"": ""0"", ""Vendor1099"": false, ""CompanyName"": ""AAI Ltd"", ""CurrencyRef"": {""name"": ""Australian Dollar"", ""value"": ""AUD""}, ""DisplayName"": ""AAI Ltd"", ""PrintOnCheckName"": ""AAI Ltd""}",08:41.7,08:41.7
74,9130348479446096,Abwin Leasing,388,SGD,184,sync,sg_sync_20250703_170957,created,,"{""Id"": ""388"", ""DisplayName"": ""Abwin Leasing""}","{""Id"": ""388"", ""Active"": true, ""domain"": ""QBO"", ""sparse"": false, ""Balance"": 0, ""MetaData"": {""CreateTime"": ""2025-07-02T16:45:34-07:00"", ""LastUpdatedTime"": ""2025-07-02T16:45:34-07:00""}, ""SyncToken"": ""0"", ""Vendor1099"": false, ""CurrencyRef"": {""name"": ""Singapore Dollar"", ""value"": ""SGD""}, ""DisplayName"": ""Abwin Leasing"", ""PrintOnCheckName"": ""Abwin Leasing""}",10:01.0,14:17.0
55,9130354593661056,ACE,306,AUD,94,single,bulk_20250703_170916,created,,"{""Notes"": ""Metadata: {'default_expense_account': '94', 'created_by': 'vendor_manager'}"", ""CurrencyRef"": {""value"": ""AUD""}, ""DisplayName"": ""ACE""}","{""Id"": ""306"", ""Active"": true, ""domain"": ""QBO"", ""sparse"": false, ""Balance"": 0, ""MetaData"": {""CreateTime"": ""2025-07-03T00:09:21-07:00"", ""LastUpdatedTime"": ""2025-07-03T00:09:21-07:00""}, ""SyncToken"": ""0"", ""Vendor1099"": false, ""CurrencyRef"": {""name"": ""Australian Dollar"", ""value"": ""AUD""}, ""DisplayName"": ""ACE"", ""PrintOnCheckName"": ""ACE""}",09:21.6,09:21.6
56,9130354593661056,ACT Collision Management,307,AUD,156,single,bulk_20250703_170916,created,,"{""Notes"": ""Metadata: {'default_expense_account': '156', 'created_by': 'vendor_manager'}"", ""CurrencyRef"": {""value"": ""AUD""}, ""DisplayName"": ""ACT Collision Management""}","{""Id"": ""307"", ""Active"": true, ""domain"": ""QBO"", ""sparse"": false, ""Balance"": 0, ""MetaData"": {""CreateTime"": ""2025-07-03T00:09:24-07:00"", ""LastUpdatedTime"": ""2025-07-03T00:09:24-07:00""}, ""SyncToken"": ""0"", ""Vendor1099"": false, ""CurrencyRef"": {""name"": ""Australian Dollar"", ""value"": ""AUD""}, ""DisplayName"": ""ACT Collision Management"", ""PrintOnCheckName"": ""ACT Collision Management""}",09:24.0,09:24.0
57,9130354593661056,Action Towing Pty Ltd,308,AUD,156,single,bulk_20250703_170916,created,,"{""Notes"": ""Metadata: {'default_expense_account': '156', 'created_by': 'vendor_manager'}"", ""CurrencyRef"": {""value"": ""AUD""}, ""DisplayName"": ""Action Towing Pty Ltd""}","{""Id"": ""308"", ""Active"": true, ""domain"": ""QBO"", ""sparse"": false, ""Balance"": 0, ""MetaData"": {""CreateTime"": ""2025-07-03T00:09:26-07:00"", ""LastUpdatedTime"": ""2025-07-03T00:09:26-07:00""}, ""SyncToken"": ""0"", ""Vendor1099"": false, ""CurrencyRef"": {""name"": ""Australian Dollar"", ""value"": ""AUD""}, ""DisplayName"": ""Action Towing Pty Ltd"", ""PrintOnCheckName"": ""Action Towing Pty Ltd""}",09:26.2,09:26.2
75,9130348479446096,Aircall,389,USD,17,sync,sg_sync_20250703_170957,created,,"{""Id"": ""389"", ""DisplayName"": ""Aircall""}","{""Id"": ""389"", ""Active"": true, ""domain"": ""QBO"", ""sparse"": false, ""Balance"": 0, ""MetaData"": {""CreateTime"": ""2025-07-02T16:45:36-07:00"", ""LastUpdatedTime"": ""2025-07-02T16:45:36-07:00""}, ""SyncToken"": ""0"", ""Vendor1099"": false, ""CurrencyRef"": {""name"": ""United States Dollar"", ""value"": ""USD""}, ""DisplayName"": ""Aircall"", ""PrintOnCheckName"": ""Aircall""}",10:01.3,14:17.4
76,9130348479446096,Alpine Car Rental,390,SGD,184,sync,sg_sync_20250703_170957,created,,"{""Id"": ""390"", ""DisplayName"": ""Alpine Car Rental""}","{""Id"": ""390"", ""Active"": true, ""domain"": ""QBO"", ""sparse"": false, ""Balance"": 0, ""MetaData"": {""CreateTime"": ""2025-07-02T16:45:38-07:00"", ""LastUpdatedTime"": ""2025-07-02T16:45:38-07:00""}, ""SyncToken"": ""0"", ""Vendor1099"": false, ""CurrencyRef"": {""name"": ""Singapore Dollar"", ""value"": ""SGD""}, ""DisplayName"": ""Alpine Car Rental"", ""PrintOnCheckName"": ""Alpine Car Rental""}",10:01.6,14:17.7
77,9130348479446096,Amazon.in,391,INR,148,sync,sg_sync_20250703_170957,created,,"{""Id"": ""391"", ""DisplayName"": ""Amazon.in""}","{""Id"": ""391"", ""Active"": true, ""domain"": ""QBO"", ""sparse"": false, ""Balance"": 0, ""MetaData"": {""CreateTime"": ""2025-07-02T16:45:41-07:00"", ""LastUpdatedTime"": ""2025-07-02T16:45:41-07:00""}, ""SyncToken"": ""0"", ""Vendor1099"": false, ""CurrencyRef"": {""name"": ""Indian Rupee"", ""value"": ""INR""}, ""DisplayName"": ""Amazon.in"", ""PrintOnCheckName"": ""Amazon.in""}",10:01.9,14:18.1
58,9130354593661056,Anytime Towing Service Pty Ltd,309,AUD,156,single,bulk_20250703_170916,created,,"{""Notes"": ""Metadata: {'default_expense_account': '156', 'created_by': 'vendor_manager'}"", ""CurrencyRef"": {""value"": ""AUD""}, ""DisplayName"": ""Anytime Towing Service Pty Ltd""}","{""Id"": ""309"", ""Active"": true, ""domain"": ""QBO"", ""sparse"": false, ""Balance"": 0, ""MetaData"": {""CreateTime"": ""2025-07-03T00:09:28-07:00"", ""LastUpdatedTime"": ""2025-07-03T00:09:28-07:00""}, ""SyncToken"": ""0"", ""Vendor1099"": false, ""CurrencyRef"": {""name"": ""Australian Dollar"", ""value"": ""AUD""}, ""DisplayName"": ""Anytime Towing Service Pty Ltd"", ""PrintOnCheckName"": ""Anytime Towing Service Pty Ltd""}",09:28.5,09:28.5
192,9130354593661056,APIA,384,AUD,156,single,bulk_20250705_120404,created,,"{""Notes"": ""Metadata: {'default_expense_account': '156', 'created_by': 'vendor_manager'}"", ""CurrencyRef"": {""value"": ""AUD""}, ""DisplayName"": ""APIA""}","{""Id"": ""384"", ""Active"": true, ""domain"": ""QBO"", ""sparse"": false, ""Balance"": 0, ""MetaData"": {""CreateTime"": ""2025-07-04T19:05:25-07:00"", ""LastUpdatedTime"": ""2025-07-04T19:05:25-07:00""}, ""SyncToken"": ""0"", ""Vendor1099"": false, ""CurrencyRef"": {""name"": ""Australian Dollar"", ""value"": ""AUD""}, ""DisplayName"": ""APIA"", ""PrintOnCheckName"": ""APIA""}",05:25.9,05:25.9
72,9130348479446096,ARENA DETAILING PTE. LTD,392,SGD,48,sync,sg_sync_20250703_170957,created,,"{""Id"": ""392"", ""DisplayName"": ""ARENA DETAILING PTE. LTD""}","{""Id"": ""392"", ""Active"": true, ""domain"": ""QBO"", ""sparse"": false, ""Balance"": 0, ""MetaData"": {""CreateTime"": ""2025-07-02T16:45:43-07:00"", ""LastUpdatedTime"": ""2025-07-02T16:45:43-07:00""}, ""SyncToken"": ""0"", ""Vendor1099"": false, ""CurrencyRef"": {""name"": ""Singapore Dollar"", ""value"": ""SGD""}, ""DisplayName"": ""ARENA DETAILING PTE. LTD"", ""PrintOnCheckName"": ""ARENA DETAILING PTE. LTD""}",10:00.5,14:18.4
79,9130348479446096,Astute Autoworks,393,SGD,48,sync,sg_sync_20250703_170957,created,,"{""Id"": ""393"", ""DisplayName"": ""Astute Autoworks""}","{""Id"": ""393"", ""Active"": true, ""domain"": ""QBO"", ""sparse"": false, ""Balance"": 0, ""MetaData"": {""CreateTime"": ""2025-07-02T16:45:45-07:00"", ""LastUpdatedTime"": ""2025-07-02T16:45:45-07:00""}, ""SyncToken"": ""0"", ""Vendor1099"": false, ""CurrencyRef"": {""name"": ""Singapore Dollar"", ""value"": ""SGD""}, ""DisplayName"": ""Astute Autoworks"", ""PrintOnCheckName"": ""Astute Autoworks""}",10:02.2,14:18.7
59,9130354593661056,ATO direct,310,AUD,105,single,bulk_20250703_170916,created,,"{""Notes"": ""Metadata: {'default_expense_account': '105', 'created_by': 'vendor_manager'}"", ""CurrencyRef"": {""value"": ""AUD""}, ""DisplayName"": ""ATO direct""}","{""Id"": ""310"", ""Active"": true, ""domain"": ""QBO"", ""sparse"": false, ""Balance"": 0, ""MetaData"": {""CreateTime"": ""2025-07-03T00:09:30-07:00"", ""LastUpdatedTime"": ""2025-07-03T00:09:30-07:00""}, ""SyncToken"": ""0"", ""Vendor1099"": false, ""CurrencyRef"": {""name"": ""Australian Dollar"", ""value"": ""AUD""}, ""DisplayName"": ""ATO direct"", ""PrintOnCheckName"": ""ATO direct""}",09:30.8,09:30.8
60,9130354593661056,Auto Tech Locksmiths,311,AUD,49,single,bulk_20250703_170916,created,,"{""Notes"": ""Metadata: {'default_expense_account': '49', 'created_by': 'vendor_manager'}"", ""CurrencyRef"": {""value"": ""AUD""}, ""DisplayName"": ""Auto Tech Locksmiths""}","{""Id"": ""311"", ""Active"": true, ""domain"": ""QBO"", ""sparse"": false, ""Balance"": 0, ""MetaData"": {""CreateTime"": ""2025-07-03T00:09:33-07:00"", ""LastUpdatedTime"": ""2025-07-03T00:09:33-07:00""}, ""SyncToken"": ""0"", ""Vendor1099"": false, ""CurrencyRef"": {""name"": ""Australian Dollar"", ""value"": ""AUD""}, ""DisplayName"": ""Auto Tech Locksmiths"", ""PrintOnCheckName"": ""Auto Tech Locksmiths""}",09:33.2,09:33.2
80,9130348479446096,Automotive Glass Works Pte Ltd,394,SGD,48,sync,sg_sync_20250703_170957,created,,"{""Id"": ""394"", ""DisplayName"": ""Automotive Glass Works Pte Ltd""}","{""Id"": ""394"", ""Active"": true, ""domain"": ""QBO"", ""sparse"": false, ""Balance"": 0, ""MetaData"": {""CreateTime"": ""2025-07-02T16:45:48-07:00"", ""LastUpdatedTime"": ""2025-07-02T16:45:48-07:00""}, ""SyncToken"": ""0"", ""Vendor1099"": false, ""CurrencyRef"": {""name"": ""Singapore Dollar"", ""value"": ""SGD""}, ""DisplayName"": ""Automotive Glass Works Pte Ltd"", ""PrintOnCheckName"": ""Automotive Glass Works Pte Ltd""}",10:02.5,14:19.1
168,9130354593661056,Autorola,361,AUD,156,single,bulk_20250705_120404,created,,"{""Notes"": ""Metadata: {'default_expense_account': '156', 'created_by': 'vendor_manager'}"", ""CurrencyRef"": {""value"": ""AUD""}, ""DisplayName"": ""Autorola""}","{""Id"": ""361"", ""Active"": true, ""domain"": ""QBO"", ""sparse"": false, ""Balance"": 0, ""MetaData"": {""CreateTime"": ""2025-07-04T19:04:07-07:00"", ""LastUpdatedTime"": ""2025-07-04T19:04:07-07:00""}, ""SyncToken"": ""0"", ""Vendor1099"": false, ""CurrencyRef"": {""name"": ""Australian Dollar"", ""value"": ""AUD""}, ""DisplayName"": ""Autorola"", ""PrintOnCheckName"": ""Autorola""}",04:08.4,04:08.4
73,9130348479446096,AWS,395,SGD,17,sync,sg_sync_20250703_170957,created,,"{""Id"": ""395"", ""DisplayName"": ""AWS""}","{""Id"": ""395"", ""Active"": true, ""domain"": ""QBO"", ""sparse"": false, ""Balance"": 2401.0, ""MetaData"": {""CreateTime"": ""2025-07-02T16:45:50-07:00"", ""LastUpdatedTime"": ""2025-07-02T17:22:47-07:00""}, ""SyncToken"": ""0"", ""Vendor1099"": false, ""CurrencyRef"": {""name"": ""Singapore Dollar"", ""value"": ""SGD""}, ""DisplayName"": ""AWS"", ""PrintOnCheckName"": ""AWS""}",10:00.7,14:19.3
185,9130354593661056,Bastian's Towing,377,AUD,156,single,bulk_20250705_120404,created,,"{""Notes"": ""Metadata: {'default_expense_account': '156', 'created_by': 'vendor_manager'}"", ""CurrencyRef"": {""value"": ""AUD""}, ""DisplayName"": ""Bastian's Towing""}","{""Id"": ""377"", ""Active"": true, ""domain"": ""QBO"", ""sparse"": false, ""Balance"": 0, ""MetaData"": {""CreateTime"": ""2025-07-04T19:05:02-07:00"", ""LastUpdatedTime"": ""2025-07-04T19:05:02-07:00""}, ""SyncToken"": ""0"", ""Vendor1099"": false, ""CurrencyRef"": {""name"": ""Australian Dollar"", ""value"": ""AUD""}, ""DisplayName"": ""Bastian's Towing"", ""PrintOnCheckName"": ""Bastian's Towing""}",05:03.1,05:03.1
61,9130354593661056,Bird & Bird,312,AUD,94,single,bulk_20250703_170916,created,,"{""Notes"": ""Metadata: {'default_expense_account': '94', 'created_by': 'vendor_manager'}"", ""CurrencyRef"": {""value"": ""AUD""}, ""DisplayName"": ""Bird & Bird""}","{""Id"": ""312"", ""Active"": true, ""domain"": ""QBO"", ""sparse"": false, ""Balance"": 0, ""MetaData"": {""CreateTime"": ""2025-07-03T00:09:35-07:00"", ""LastUpdatedTime"": ""2025-07-03T00:09:35-07:00""}, ""SyncToken"": ""0"", ""Vendor1099"": false, ""CurrencyRef"": {""name"": ""Australian Dollar"", ""value"": ""AUD""}, ""DisplayName"": ""Bird & Bird"", ""PrintOnCheckName"": ""Bird & Bird""}",09:35.8,09:35.8
81,9130348479446096,Blackcoffer,,USD,17,single,,failed,400 Client Error: Bad Request for url: https://quickbooks.api.intuit.com/v3/company/9130348479446096/vendor,"{""Name"": ""Blackcoffer""}",null,10:02.8,15:46.8
210,9130348479446096,Blackcoffer data,,USD,17,single,,failed,400 Client Error: Bad Request for url: https://quickbooks.api.intuit.com/v3/company/9130348479446096/vendor,"{""Name"": ""Blackcoffer data""}",null,26:52.9,26:52.9
213,9130348479446096,Blackcoffer Tech,,USD,17,single,,duplicate,Vendor 'Blackcoffer Tech' already exists,"{""DisplayName"": ""Blackcoffer Tech""}","{""Id"": ""453"", ""Active"": true, ""domain"": ""QBO"", ""sparse"": false, ""Balance"": 0, ""MetaData"": {""CreateTime"": ""2025-07-04T22:34:45-07:00"", ""LastUpdatedTime"": ""2025-07-04T22:34:45-07:00""}, ""SyncToken"": ""0"", ""Vendor1099"": false, ""CurrencyRef"": {""name"": ""United States Dollar"", ""value"": ""USD""}, ""DisplayName"": ""Blackcoffer Tech"", ""PrintOnCheckName"": ""Blackcoffer Tech""}",33:38.5,35:18.5
195,9130354593661056,BM Precision Paint works,387,AUD,156,single,bulk_20250705_120404,created,,"{""Notes"": ""Metadata: {'default_expense_account': '156', 'created_by': 'vendor_manager'}"", ""CurrencyRef"": {""value"": ""AUD""}, ""DisplayName"": ""BM Precision Paint works""}","{""Id"": ""387"", ""Active"": true, ""domain"": ""QBO"", ""sparse"": false, ""Balance"": 0, ""MetaData"": {""CreateTime"": ""2025-07-04T19:05:36-07:00"", ""LastUpdatedTime"": ""2025-07-04T19:05:36-07:00""}, ""SyncToken"": ""0"", ""Vendor1099"": false, ""CurrencyRef"": {""name"": ""Australian Dollar"", ""value"": ""AUD""}, ""DisplayName"": ""BM Precision Paint works"", ""PrintOnCheckName"": ""BM Precision Paint works""}",05:36.3,05:36.3
82,9130348479446096,Body Fix,397,SGD,48,sync,sg_sync_20250703_170957,created,,"{""Id"": ""397"", ""DisplayName"": ""Body Fix""}","{""Id"": ""397"", ""Active"": true, ""domain"": ""QBO"", ""sparse"": false, ""Balance"": 0, ""MetaData"": {""CreateTime"": ""2025-07-02T16:45:54-07:00"", ""LastUpdatedTime"": ""2025-07-02T16:45:54-07:00""}, ""SyncToken"": ""0"", ""Vendor1099"": false, ""CurrencyRef"": {""name"": ""Singapore Dollar"", ""value"": ""SGD""}, ""DisplayName"": ""Body Fix"", ""PrintOnCheckName"": ""Body Fix""}",10:03.0,14:20.0
190,9130354593661056,Bris Towing,382,AUD,156,single,bulk_20250705_120404,created,,"{""Notes"": ""Metadata: {'default_expense_account': '156', 'created_by': 'vendor_manager'}"", ""CurrencyRef"": {""value"": ""AUD""}, ""DisplayName"": ""Bris Towing""}","{""Id"": ""382"", ""Active"": true, ""domain"": ""QBO"", ""sparse"": false, ""Balance"": 0, ""MetaData"": {""CreateTime"": ""2025-07-04T19:05:18-07:00"", ""LastUpdatedTime"": ""2025-07-04T19:05:18-07:00""}, ""SyncToken"": ""0"", ""Vendor1099"": false, ""CurrencyRef"": {""name"": ""Australian Dollar"", ""value"": ""AUD""}, ""DisplayName"": ""Bris Towing"", ""PrintOnCheckName"": ""Bris Towing""}",05:18.2,05:18.2
63,9130354593661056,Bytchenkov Pty Ltd,314,AUD,156,single,bulk_20250703_170916,created,,"{""Notes"": ""Metadata: {'default_expense_account': '156', 'created_by': 'vendor_manager'}"", ""CurrencyRef"": {""value"": ""AUD""}, ""DisplayName"": ""Bytchenkov Pty Ltd""}","{""Id"": ""314"", ""Active"": true, ""domain"": ""QBO"", ""sparse"": false, ""Balance"": 0, ""MetaData"": {""CreateTime"": ""2025-07-03T00:09:40-07:00"", ""LastUpdatedTime"": ""2025-07-03T00:09:40-07:00""}, ""SyncToken"": ""0"", ""Vendor1099"": false, ""CurrencyRef"": {""name"": ""Australian Dollar"", ""value"": ""AUD""}, ""DisplayName"": ""Bytchenkov Pty Ltd"", ""PrintOnCheckName"": ""Bytchenkov Pty Ltd""}",09:40.5,09:40.5
84,9130348479446096,Car mobile detailing,398,SGD,48,sync,sg_sync_20250703_170957,created,,"{""Id"": ""398"", ""DisplayName"": ""Car mobile detailing""}","{""Id"": ""398"", ""Active"": true, ""domain"": ""QBO"", ""sparse"": false, ""Balance"": 0, ""MetaData"": {""CreateTime"": ""2025-07-02T16:45:57-07:00"", ""LastUpdatedTime"": ""2025-07-02T16:45:57-07:00""}, ""SyncToken"": ""0"", ""Vendor1099"": false, ""CurrencyRef"": {""name"": ""Singapore Dollar"", ""value"": ""SGD""}, ""DisplayName"": ""Car mobile detailing"", ""PrintOnCheckName"": ""Car mobile detailing""}",10:03.6,14:20.4
85,9130348479446096,Cashify,399,INR,148,sync,sg_sync_20250703_170957,created,,"{""Id"": ""399"", ""DisplayName"": ""Cashify""}","{""Id"": ""399"", ""Active"": true, ""domain"": ""QBO"", ""sparse"": false, ""Balance"": 0, ""MetaData"": {""CreateTime"": ""2025-07-02T16:45:59-07:00"", ""LastUpdatedTime"": ""2025-07-02T16:45:59-07:00""}, ""SyncToken"": ""0"", ""Vendor1099"": false, ""CurrencyRef"": {""name"": ""Indian Rupee"", ""value"": ""INR""}, ""DisplayName"": ""Cashify"", ""PrintOnCheckName"": ""Cashify""}",10:03.9,14:20.7
216,9130354593661056,CDC Australia,394,AUD,165,single,,created,,"{""Notes"": ""Metadata: {'default_expense_account': '165', 'created_by': 'vendor_manager'}"", ""CompanyName"": ""CDC Australia"", ""CurrencyRef"": {""value"": ""AUD""}, ""DisplayName"": ""CDC Australia""}","{""Id"": ""394"", ""Active"": true, ""domain"": ""QBO"", ""sparse"": false, ""Balance"": 0, ""MetaData"": {""CreateTime"": ""2025-07-10T04:48:31-07:00"", ""LastUpdatedTime"": ""2025-07-10T04:48:31-07:00""}, ""SyncToken"": ""0"", ""Vendor1099"": false, ""CompanyName"": ""CDC Australia"", ""CurrencyRef"": {""name"": ""Australian Dollar"", ""value"": ""AUD""}, ""DisplayName"": ""CDC Australia"", ""PrintOnCheckName"": ""CDC Australia""}",42:48.7,48:33.7
173,9130354593661056,Cedar towing,366,AUD,156,single,bulk_20250705_120404,created,,"{""Notes"": ""Metadata: {'default_expense_account': '156', 'created_by': 'vendor_manager'}"", ""CurrencyRef"": {""value"": ""AUD""}, ""DisplayName"": ""Cedar towing""}","{""Id"": ""366"", ""Active"": true, ""domain"": ""QBO"", ""sparse"": false, ""Balance"": 0, ""MetaData"": {""CreateTime"": ""2025-07-04T19:04:23-07:00"", ""LastUpdatedTime"": ""2025-07-04T19:04:23-07:00""}, ""SyncToken"": ""0"", ""Vendor1099"": false, ""CurrencyRef"": {""name"": ""Australian Dollar"", ""value"": ""AUD""}, ""DisplayName"": ""Cedar towing"", ""PrintOnCheckName"": ""Cedar towing""}",04:23.9,04:23.9
64,9130354593661056,checked.com.au,315,AUD,75,single,bulk_20250703_170916,created,,"{""Notes"": ""Metadata: {'default_expense_account': '75', 'created_by': 'vendor_manager'}"", ""CurrencyRef"": {""value"": ""AUD""}, ""DisplayName"": ""checked.com.au""}","{""Id"": ""315"", ""Active"": true, ""domain"": ""QBO"", ""sparse"": false, ""Balance"": 0, ""MetaData"": {""CreateTime"": ""2025-07-03T00:09:42-07:00"", ""LastUpdatedTime"": ""2025-07-03T00:09:42-07:00""}, ""SyncToken"": ""0"", ""Vendor1099"": false, ""CurrencyRef"": {""name"": ""Australian Dollar"", ""value"": ""AUD""}, ""DisplayName"": ""checked.com.au"", ""PrintOnCheckName"": ""checked.com.au""}",09:42.8,09:42.8
83,9130348479446096,CHENG CHUAN MOTOR SERVICES,400,SGD,48,sync,sg_sync_20250703_170957,created,,"{""Id"": ""400"", ""DisplayName"": ""CHENG CHUAN MOTOR SERVICES""}","{""Id"": ""400"", ""Active"": true, ""domain"": ""QBO"", ""sparse"": false, ""Balance"": 0, ""MetaData"": {""CreateTime"": ""2025-07-02T16:46:01-07:00"", ""LastUpdatedTime"": ""2025-07-02T16:46:01-07:00""}, ""SyncToken"": ""0"", ""Vendor1099"": false, ""CurrencyRef"": {""name"": ""Singapore Dollar"", ""value"": ""SGD""}, ""DisplayName"": ""CHENG CHUAN MOTOR SERVICES"", ""PrintOnCheckName"": ""CHENG CHUAN MOTOR SERVICES""}",10:03.3,14:21.0
194,9130354593661056,Christopher J Malan,386,AUD,156,single,bulk_20250705_120404,created,,"{""Notes"": ""Metadata: {'default_expense_account': '156', 'created_by': 'vendor_manager'}"", ""CurrencyRef"": {""value"": ""AUD""}, ""DisplayName"": ""Christopher J Malan""}","{""Id"": ""386"", ""Active"": true, ""domain"": ""QBO"", ""sparse"": false, ""Balance"": 0, ""MetaData"": {""CreateTime"": ""2025-07-04T19:05:33-07:00"", ""LastUpdatedTime"": ""2025-07-04T19:05:33-07:00""}, ""SyncToken"": ""0"", ""Vendor1099"": false, ""CurrencyRef"": {""name"": ""Australian Dollar"", ""value"": ""AUD""}, ""DisplayName"": ""Christopher J Malan"", ""PrintOnCheckName"": ""Christopher J Malan""}",05:33.2,05:33.2
171,9130354593661056,Clayton Towing,364,AUD,156,single,bulk_20250705_120404,created,,"{""Notes"": ""Metadata: {'default_expense_account': '156', 'created_by': 'vendor_manager'}"", ""CurrencyRef"": {""value"": ""AUD""}, ""DisplayName"": ""Clayton Towing""}","{""Id"": ""364"", ""Active"": true, ""domain"": ""QBO"", ""sparse"": false, ""Balance"": 0, ""MetaData"": {""CreateTime"": ""2025-07-04T19:04:17-07:00"", ""LastUpdatedTime"": ""2025-07-04T19:04:17-07:00""}, ""SyncToken"": ""0"", ""Vendor1099"": false, ""CurrencyRef"": {""name"": ""Australian Dollar"", ""value"": ""AUD""}, ""DisplayName"": ""Clayton Towing"", ""PrintOnCheckName"": ""Clayton Towing""}",04:18.1,04:18.1
169,9130354593661056,Collision Towing & Recovery Services,362,AUD,156,single,bulk_20250705_120404,created,,"{""Notes"": ""Metadata: {'default_expense_account': '156', 'created_by': 'vendor_manager'}"", ""CurrencyRef"": {""value"": ""AUD""}, ""DisplayName"": ""Collision Towing & Recovery Services""}","{""Id"": ""362"", ""Active"": true, ""domain"": ""QBO"", ""sparse"": false, ""Balance"": 0, ""MetaData"": {""CreateTime"": ""2025-07-04T19:04:11-07:00"", ""LastUpdatedTime"": ""2025-07-04T19:04:11-07:00""}, ""SyncToken"": ""0"", ""Vendor1099"": false, ""CurrencyRef"": {""name"": ""Australian Dollar"", ""value"": ""AUD""}, ""DisplayName"": ""Collision Towing & Recovery Services"", ""PrintOnCheckName"": ""Collision Towing & Recovery Services""}",04:11.5,04:11.5
86,9130348479446096,ComfortDelGro Rent-A-Car Pte Ltd,401,SGD,184,sync,sg_sync_20250703_170957,created,,"{""Id"": ""401"", ""DisplayName"": ""ComfortDelGro Rent-A-Car Pte Ltd""}","{""Id"": ""401"", ""Active"": true, ""domain"": ""QBO"", ""sparse"": false, ""Balance"": 0, ""MetaData"": {""CreateTime"": ""2025-07-02T16:46:03-07:00"", ""LastUpdatedTime"": ""2025-07-02T16:46:03-07:00""}, ""SyncToken"": ""0"", ""Vendor1099"": false, ""CurrencyRef"": {""name"": ""Singapore Dollar"", ""value"": ""SGD""}, ""DisplayName"": ""ComfortDelGro Rent-A-Car Pte Ltd"", ""PrintOnCheckName"": ""ComfortDelGro Rent-A-Car Pte Ltd""}",10:04.2,14:21.4
176,9130354593661056,Common Design Pty Ltd,369,AUD,156,single,bulk_20250705_120404,created,,"{""Notes"": ""Metadata: {'default_expense_account': '156', 'created_by': 'vendor_manager'}"", ""CurrencyRef"": {""value"": ""AUD""}, ""DisplayName"": ""Common Design Pty Ltd""}","{""Id"": ""369"", ""Active"": true, ""domain"": ""QBO"", ""sparse"": false, ""Balance"": 0, ""MetaData"": {""CreateTime"": ""2025-07-04T19:04:34-07:00"", ""LastUpdatedTime"": ""2025-07-04T19:04:34-07:00""}, ""SyncToken"": ""0"", ""Vendor1099"": false, ""CurrencyRef"": {""name"": ""Australian Dollar"", ""value"": ""AUD""}, ""DisplayName"": ""Common Design Pty Ltd"", ""PrintOnCheckName"": ""Common Design Pty Ltd""}",04:34.5,04:34.5
175,9130354593661056,Connect Repair Logistics,368,AUD,156,single,bulk_20250705_120404,created,,"{""Notes"": ""Metadata: {'default_expense_account': '156', 'created_by': 'vendor_manager'}"", ""CurrencyRef"": {""value"": ""AUD""}, ""DisplayName"": ""Connect Repair Logistics""}","{""Id"": ""368"", ""Active"": true, ""domain"": ""QBO"", ""sparse"": false, ""Balance"": 0, ""MetaData"": {""CreateTime"": ""2025-07-04T19:04:31-07:00"", ""LastUpdatedTime"": ""2025-07-04T19:04:31-07:00""}, ""SyncToken"": ""0"", ""Vendor1099"": false, ""CurrencyRef"": {""name"": ""Australian Dollar"", ""value"": ""AUD""}, ""DisplayName"": ""Connect Repair Logistics"", ""PrintOnCheckName"": ""Connect Repair Logistics""}",04:31.4,04:31.4
88,9130348479446096,Conquer technologies,402,INR,17,sync,sg_sync_20250703_170957,created,,"{""Id"": ""402"", ""DisplayName"": ""Conquer technologies""}","{""Id"": ""402"", ""Active"": true, ""domain"": ""QBO"", ""sparse"": false, ""Balance"": 0, ""MetaData"": {""CreateTime"": ""2025-07-02T16:46:06-07:00"", ""LastUpdatedTime"": ""2025-07-02T16:46:06-07:00""}, ""SyncToken"": ""0"", ""Vendor1099"": false, ""CurrencyRef"": {""name"": ""Indian Rupee"", ""value"": ""INR""}, ""DisplayName"": ""Conquer technologies"", ""PrintOnCheckName"": ""Conquer technologies""}",10:04.5,14:21.8
65,9130354593661056,Contractor,316,AUD,156,single,bulk_20250703_170916,created,,"{""Notes"": ""Metadata: {'default_expense_account': '156', 'created_by': 'vendor_manager'}"", ""CurrencyRef"": {""value"": ""AUD""}, ""DisplayName"": ""Contractor""}","{""Id"": ""316"", ""Active"": true, ""domain"": ""QBO"", ""sparse"": false, ""Balance"": 0, ""MetaData"": {""CreateTime"": ""2025-07-03T00:09:45-07:00"", ""LastUpdatedTime"": ""2025-07-03T00:09:45-07:00""}, ""SyncToken"": ""0"", ""Vendor1099"": false, ""CurrencyRef"": {""name"": ""Australian Dollar"", ""value"": ""AUD""}, ""DisplayName"": ""Contractor"", ""PrintOnCheckName"": ""Contractor""}",09:45.5,09:45.5
89,9130348479446096,Cycle and Carriage,403,SGD,184,sync,sg_sync_20250703_170957,created,,"{""Id"": ""403"", ""DisplayName"": ""Cycle and Carriage""}","{""Id"": ""403"", ""Active"": true, ""domain"": ""QBO"", ""sparse"": false, ""Balance"": 0, ""MetaData"": {""CreateTime"": ""2025-07-02T16:46:08-07:00"", ""LastUpdatedTime"": ""2025-07-02T16:46:08-07:00""}, ""SyncToken"": ""0"", ""Vendor1099"": false, ""CurrencyRef"": {""name"": ""Singapore Dollar"", ""value"": ""SGD""}, ""DisplayName"": ""Cycle and Carriage"", ""PrintOnCheckName"": ""Cycle and Carriage""}",10:04.8,14:22.1
66,9130354593661056,Defiant,317,AUD,72,single,bulk_20250703_170916,created,,"{""Notes"": ""Metadata: {'default_expense_account': '72', 'created_by': 'vendor_manager'}"", ""CurrencyRef"": {""value"": ""AUD""}, ""DisplayName"": ""Defiant""}","{""Id"": ""317"", ""Active"": true, ""domain"": ""QBO"", ""sparse"": false, ""Balance"": 0, ""MetaData"": {""CreateTime"": ""2025-07-03T00:09:47-07:00"", ""LastUpdatedTime"": ""2025-07-03T00:09:47-07:00""}, ""SyncToken"": ""0"", ""Vendor1099"": false, ""CurrencyRef"": {""name"": ""Australian Dollar"", ""value"": ""AUD""}, ""DisplayName"": ""Defiant"", ""PrintOnCheckName"": ""Defiant""}",09:47.9,09:47.9
67,9130354593661056,Digital matter,318,AUD,70,single,bulk_20250703_170916,created,,"{""Notes"": ""Metadata: {'default_expense_account': '70', 'created_by': 'vendor_manager'}"", ""CurrencyRef"": {""value"": ""AUD""}, ""DisplayName"": ""Digital matter""}","{""Id"": ""318"", ""Active"": true, ""domain"": ""QBO"", ""sparse"": false, ""Balance"": 0, ""MetaData"": {""CreateTime"": ""2025-07-03T00:09:50-07:00"", ""LastUpdatedTime"": ""2025-07-03T00:09:50-07:00""}, ""SyncToken"": ""0"", ""Vendor1099"": false, ""CurrencyRef"": {""name"": ""Australian Dollar"", ""value"": ""AUD""}, ""DisplayName"": ""Digital matter"", ""PrintOnCheckName"": ""Digital matter""}",09:50.1,09:50.1
180,9130354593661056,Drive Accident Solutions,373,AUD,156,single,bulk_20250705_120404,created,,"{""Notes"": ""Metadata: {'default_expense_account': '156', 'created_by': 'vendor_manager'}"", ""CurrencyRef"": {""value"": ""AUD""}, ""DisplayName"": ""Drive Accident Solutions""}","{""Id"": ""373"", ""Active"": true, ""domain"": ""QBO"", ""sparse"": false, ""Balance"": 0, ""MetaData"": {""CreateTime"": ""2025-07-04T19:04:46-07:00"", ""LastUpdatedTime"": ""2025-07-04T19:04:46-07:00""}, ""SyncToken"": ""0"", ""Vendor1099"": false, ""CurrencyRef"": {""name"": ""Australian Dollar"", ""value"": ""AUD""}, ""DisplayName"": ""Drive Accident Solutions"", ""PrintOnCheckName"": ""Drive Accident Solutions""}",04:46.7,04:46.7
90,9130348479446096,Elite Car Ventures,404,SGD,48,sync,sg_sync_20250703_170957,created,,"{""Id"": ""404"", ""DisplayName"": ""Elite Car Ventures""}","{""Id"": ""404"", ""Active"": true, ""domain"": ""QBO"", ""sparse"": false, ""Balance"": 0, ""MetaData"": {""CreateTime"": ""2025-07-02T16:46:10-07:00"", ""LastUpdatedTime"": ""2025-07-02T16:46:10-07:00""}, ""SyncToken"": ""0"", ""Vendor1099"": false, ""CurrencyRef"": {""name"": ""Singapore Dollar"", ""value"": ""SGD""}, ""DisplayName"": ""Elite Car Ventures"", ""PrintOnCheckName"": ""Elite Car Ventures""}",10:05.1,14:22.4
91,9130348479446096,Eventila Technologies Pvt Ltd,405,USD,17,sync,sg_sync_20250703_170957,created,,"{""Id"": ""405"", ""DisplayName"": ""Eventila Technologies Pvt Ltd""}","{""Id"": ""405"", ""Active"": true, ""domain"": ""QBO"", ""sparse"": false, ""Balance"": 0, ""MetaData"": {""CreateTime"": ""2025-07-02T16:46:12-07:00"", ""LastUpdatedTime"": ""2025-07-02T16:46:12-07:00""}, ""SyncToken"": ""0"", ""Vendor1099"": false, ""CurrencyRef"": {""name"": ""United States Dollar"", ""value"": ""USD""}, ""DisplayName"": ""Eventila Technologies Pvt Ltd"", ""PrintOnCheckName"": ""Eventila Technologies Pvt Ltd""}",10:05.4,14:22.7
92,9130348479446096,Faculty of Management Studies,406,SGD,148,sync,sg_sync_20250703_170957,created,,"{""Id"": ""406"", ""DisplayName"": ""Faculty of Management Studies""}","{""Id"": ""406"", ""Active"": true, ""domain"": ""QBO"", ""sparse"": false, ""Balance"": 0, ""MetaData"": {""CreateTime"": ""2025-07-02T16:46:15-07:00"", ""LastUpdatedTime"": ""2025-07-02T16:46:15-07:00""}, ""SyncToken"": ""0"", ""Vendor1099"": false, ""CurrencyRef"": {""name"": ""Singapore Dollar"", ""value"": ""SGD""}, ""DisplayName"": ""Faculty of Management Studies"", ""PrintOnCheckName"": ""Faculty of Management Studies""}",10:05.7,14:23.0
93,9130348479446096,Fixedlah,407,SGD,48,sync,sg_sync_20250703_170957,created,,"{""Id"": ""407"", ""DisplayName"": ""Fixedlah""}","{""Id"": ""407"", ""Active"": true, ""domain"": ""QBO"", ""sparse"": false, ""Balance"": 0, ""MetaData"": {""CreateTime"": ""2025-07-02T16:46:17-07:00"", ""LastUpdatedTime"": ""2025-07-02T16:46:17-07:00""}, ""SyncToken"": ""0"", ""Vendor1099"": false, ""CurrencyRef"": {""name"": ""Singapore Dollar"", ""value"": ""SGD""}, ""DisplayName"": ""Fixedlah"", ""PrintOnCheckName"": ""Fixedlah""}",10:06.0,14:23.4
172,9130354593661056,FLM,365,AUD,156,single,bulk_20250705_120404,created,,"{""Notes"": ""Metadata: {'default_expense_account': '156', 'created_by': 'vendor_manager'}"", ""CurrencyRef"": {""value"": ""AUD""}, ""DisplayName"": ""FLM""}","{""Id"": ""365"", ""Active"": true, ""domain"": ""QBO"", ""sparse"": false, ""Balance"": 0, ""MetaData"": {""CreateTime"": ""2025-07-04T19:04:20-07:00"", ""LastUpdatedTime"": ""2025-07-04T19:04:20-07:00""}, ""SyncToken"": ""0"", ""Vendor1099"": false, ""CurrencyRef"": {""name"": ""Australian Dollar"", ""value"": ""AUD""}, ""DisplayName"": ""FLM"", ""PrintOnCheckName"": ""FLM""}",04:21.1,04:21.1
68,9130354593661056,Focussed Assessing Pty Ltd,319,AUD,156,single,bulk_20250703_170916,created,,"{""Notes"": ""Metadata: {'default_expense_account': '156', 'created_by': 'vendor_manager'}"", ""CurrencyRef"": {""value"": ""AUD""}, ""DisplayName"": ""Focussed Assessing Pty Ltd""}","{""Id"": ""319"", ""Active"": true, ""domain"": ""QBO"", ""sparse"": false, ""Balance"": 0, ""MetaData"": {""CreateTime"": ""2025-07-03T00:09:52-07:00"", ""LastUpdatedTime"": ""2025-07-03T00:09:52-07:00""}, ""SyncToken"": ""0"", ""Vendor1099"": false, ""CurrencyRef"": {""name"": ""Australian Dollar"", ""value"": ""AUD""}, ""DisplayName"": ""Focussed Assessing Pty Ltd"", ""PrintOnCheckName"": ""Focussed Assessing Pty Ltd""}",09:52.7,09:52.7
179,9130354593661056,Gardenstate Towing,372,AUD,156,single,bulk_20250705_120404,created,,"{""Notes"": ""Metadata: {'default_expense_account': '156', 'created_by': 'vendor_manager'}"", ""CurrencyRef"": {""value"": ""AUD""}, ""DisplayName"": ""Gardenstate Towing""}","{""Id"": ""372"", ""Active"": true, ""domain"": ""QBO"", ""sparse"": false, ""Balance"": 0, ""MetaData"": {""CreateTime"": ""2025-07-04T19:04:42-07:00"", ""LastUpdatedTime"": ""2025-07-04T19:04:42-07:00""}, ""SyncToken"": ""0"", ""Vendor1099"": false, ""CurrencyRef"": {""name"": ""Australian Dollar"", ""value"": ""AUD""}, ""DisplayName"": ""Gardenstate Towing"", ""PrintOnCheckName"": ""Gardenstate Towing""}",04:43.3,04:43.3
94,9130348479446096,GPS Fleet,408,MYR,17,sync,sg_sync_20250703_170957,created,,"{""Id"": ""408"", ""DisplayName"": ""GPS Fleet""}","{""Id"": ""408"", ""Active"": true, ""domain"": ""QBO"", ""sparse"": false, ""Balance"": 0, ""MetaData"": {""CreateTime"": ""2025-07-02T16:46:19-07:00"", ""LastUpdatedTime"": ""2025-07-02T16:46:19-07:00""}, ""SyncToken"": ""0"", ""Vendor1099"": false, ""CurrencyRef"": {""name"": ""Malaysian Ringgit"", ""value"": ""MYR""}, ""DisplayName"": ""GPS Fleet"", ""PrintOnCheckName"": ""GPS Fleet""}",10:06.3,14:23.7
69,9130354593661056,Granville Collision Centre,320,AUD,156,single,bulk_20250703_170916,created,,"{""Notes"": ""Metadata: {'default_expense_account': '156', 'created_by': 'vendor_manager'}"", ""CurrencyRef"": {""value"": ""AUD""}, ""DisplayName"": ""Granville Collision Centre""}","{""Id"": ""320"", ""Active"": true, ""domain"": ""QBO"", ""sparse"": false, ""Balance"": 0, ""MetaData"": {""CreateTime"": ""2025-07-03T00:09:55-07:00"", ""LastUpdatedTime"": ""2025-07-03T00:09:55-07:00""}, ""SyncToken"": ""0"", ""Vendor1099"": false, ""CurrencyRef"": {""name"": ""Australian Dollar"", ""value"": ""AUD""}, ""DisplayName"": ""Granville Collision Centre"", ""PrintOnCheckName"": ""Granville Collision Centre""}",09:55.1,09:55.1
70,9130354593661056,GT insurance,321,AUD,53,single,bulk_20250703_170916,created,,"{""Notes"": ""Metadata: {'default_expense_account': '53', 'created_by': 'vendor_manager'}"", ""CurrencyRef"": {""value"": ""AUD""}, ""DisplayName"": ""GT insurance""}","{""Id"": ""321"", ""Active"": true, ""domain"": ""QBO"", ""sparse"": false, ""Balance"": 0, ""MetaData"": {""CreateTime"": ""2025-07-03T00:09:57-07:00"", ""LastUpdatedTime"": ""2025-07-03T00:09:57-07:00""}, ""SyncToken"": ""0"", ""Vendor1099"": false, ""CurrencyRef"": {""name"": ""Australian Dollar"", ""value"": ""AUD""}, ""DisplayName"": ""GT insurance"", ""PrintOnCheckName"": ""GT insurance""}",09:57.5,09:57.5
95,9130348479446096,Gupshup,409,USD,17,sync,sg_sync_20250703_170957,created,,"{""Id"": ""409"", ""DisplayName"": ""Gupshup""}","{""Id"": ""409"", ""Active"": true, ""domain"": ""QBO"", ""sparse"": false, ""Balance"": 0, ""MetaData"": {""CreateTime"": ""2025-07-02T16:46:21-07:00"", ""LastUpdatedTime"": ""2025-07-02T16:46:21-07:00""}, ""SyncToken"": ""0"", ""Vendor1099"": false, ""CurrencyRef"": {""name"": ""United States Dollar"", ""value"": ""USD""}, ""DisplayName"": ""Gupshup"", ""PrintOnCheckName"": ""Gupshup""}",10:06.5,14:24.1
187,9130354593661056,GWS CHADSTONE PTY LTD,379,AUD,156,single,bulk_20250705_120404,created,,"{""Notes"": ""Metadata: {'default_expense_account': '156', 'created_by': 'vendor_manager'}"", ""CurrencyRef"": {""value"": ""AUD""}, ""DisplayName"": ""GWS CHADSTONE PTY LTD""}","{""Id"": ""379"", ""Active"": true, ""domain"": ""QBO"", ""sparse"": false, ""Balance"": 0, ""MetaData"": {""CreateTime"": ""2025-07-04T19:05:09-07:00"", ""LastUpdatedTime"": ""2025-07-04T19:05:09-07:00""}, ""SyncToken"": ""0"", ""Vendor1099"": false, ""CurrencyRef"": {""name"": ""Australian Dollar"", ""value"": ""AUD""}, ""DisplayName"": ""GWS CHADSTONE PTY LTD"", ""PrintOnCheckName"": ""GWS CHADSTONE PTY LTD""}",05:09.2,05:09.2
186,9130354593661056,Harveys Towing Service,378,AUD,156,single,bulk_20250705_120404,created,,"{""Notes"": ""Metadata: {'default_expense_account': '156', 'created_by': 'vendor_manager'}"", ""CurrencyRef"": {""value"": ""AUD""}, ""DisplayName"": ""Harveys Towing Service""}","{""Id"": ""378"", ""Active"": true, ""domain"": ""QBO"", ""sparse"": false, ""Balance"": 0, ""MetaData"": {""CreateTime"": ""2025-07-04T19:05:06-07:00"", ""LastUpdatedTime"": ""2025-07-04T19:05:06-07:00""}, ""SyncToken"": ""0"", ""Vendor1099"": false, ""CurrencyRef"": {""name"": ""Australian Dollar"", ""value"": ""AUD""}, ""DisplayName"": ""Harveys Towing Service"", ""PrintOnCheckName"": ""Harveys Towing Service""}",05:06.4,05:06.4
97,9130348479446096,HDB,410,SGD,48,sync,sg_sync_20250703_170957,created,,"{""Id"": ""410"", ""DisplayName"": ""HDB""}","{""Id"": ""410"", ""Active"": true, ""domain"": ""QBO"", ""sparse"": false, ""Balance"": 0, ""MetaData"": {""CreateTime"": ""2025-07-02T16:46:24-07:00"", ""LastUpdatedTime"": ""2025-07-02T16:46:24-07:00""}, ""SyncToken"": ""0"", ""Vendor1099"": false, ""CurrencyRef"": {""name"": ""Singapore Dollar"", ""value"": ""SGD""}, ""DisplayName"": ""HDB"", ""PrintOnCheckName"": ""HDB""}",10:06.8,14:24.4
98,9130348479446096,Hello Travel Pte Ltd,411,SGD,48,sync,sg_sync_20250703_170957,created,,"{""Id"": ""411"", ""DisplayName"": ""Hello Travel Pte Ltd""}","{""Id"": ""411"", ""Active"": true, ""domain"": ""QBO"", ""sparse"": false, ""Balance"": 0, ""MetaData"": {""CreateTime"": ""2025-07-02T16:46:26-07:00"", ""LastUpdatedTime"": ""2025-07-02T16:46:26-07:00""}, ""SyncToken"": ""0"", ""Vendor1099"": false, ""CurrencyRef"": {""name"": ""Singapore Dollar"", ""value"": ""SGD""}, ""DisplayName"": ""Hello Travel Pte Ltd"", ""PrintOnCheckName"": ""Hello Travel Pte Ltd""}",10:07.1,14:24.7
71,9130354593661056,Humax,358,USD,70,single,manual_retry_minimal,created,,"{""DisplayName"": ""Humax""}","{""Id"": ""358"", ""Active"": true, ""domain"": ""QBO"", ""sparse"": false, ""Balance"": 0, ""MetaData"": {""CreateTime"": ""2025-07-03T00:21:39-07:00"", ""LastUpdatedTime"": ""2025-07-03T00:21:39-07:00""}, ""SyncToken"": ""0"", ""Vendor1099"": false, ""CurrencyRef"": {""name"": ""Australian Dollar"", ""value"": ""AUD""}, ""DisplayName"": ""Humax"", ""PrintOnCheckName"": ""Humax""}",09:59.7,21:39.8
78,9130354593661056,Illion,322,AUD,75,single,bulk_20250703_170916,created,,"{""Notes"": ""Metadata: {'default_expense_account': '75', 'created_by': 'vendor_manager'}"", ""CurrencyRef"": {""value"": ""AUD""}, ""DisplayName"": ""Illion""}","{""Id"": ""322"", ""Active"": true, ""domain"": ""QBO"", ""sparse"": false, ""Balance"": 0, ""MetaData"": {""CreateTime"": ""2025-07-03T00:10:02-07:00"", ""LastUpdatedTime"": ""2025-07-03T00:10:02-07:00""}, ""SyncToken"": ""0"", ""Vendor1099"": false, ""CurrencyRef"": {""name"": ""Australian Dollar"", ""value"": ""AUD""}, ""DisplayName"": ""Illion"", ""PrintOnCheckName"": ""Illion""}",10:02.1,10:02.1
99,9130348479446096,Incrementors,412,SGD,59,sync,sg_sync_20250703_170957,created,,"{""Id"": ""412"", ""DisplayName"": ""Incrementors""}","{""Id"": ""412"", ""Active"": true, ""domain"": ""QBO"", ""sparse"": false, ""Balance"": 0, ""MetaData"": {""CreateTime"": ""2025-07-02T16:46:28-07:00"", ""LastUpdatedTime"": ""2025-07-02T16:46:28-07:00""}, ""SyncToken"": ""0"", ""Vendor1099"": false, ""CurrencyRef"": {""name"": ""Singapore Dollar"", ""value"": ""SGD""}, ""DisplayName"": ""Incrementors"", ""PrintOnCheckName"": ""Incrementors""}",10:07.4,14:25.0
181,9130354593661056,Inner West Towing,374,AUD,156,single,bulk_20250705_120404,created,,"{""Notes"": ""Metadata: {'default_expense_account': '156', 'created_by': 'vendor_manager'}"", ""CurrencyRef"": {""value"": ""AUD""}, ""DisplayName"": ""Inner West Towing""}","{""Id"": ""374"", ""Active"": true, ""domain"": ""QBO"", ""sparse"": false, ""Balance"": 0, ""MetaData"": {""CreateTime"": ""2025-07-04T19:04:50-07:00"", ""LastUpdatedTime"": ""2025-07-04T19:04:50-07:00""}, ""SyncToken"": ""0"", ""Vendor1099"": false, ""CurrencyRef"": {""name"": ""Australian Dollar"", ""value"": ""AUD""}, ""DisplayName"": ""Inner West Towing"", ""PrintOnCheckName"": ""Inner West Towing""}",04:51.0,04:51.0
87,9130354593661056,Insuret,323,AUD,53,single,bulk_20250703_170916,created,,"{""Notes"": ""Metadata: {'default_expense_account': '53', 'created_by': 'vendor_manager'}"", ""CurrencyRef"": {""value"": ""AUD""}, ""DisplayName"": ""Insuret""}","{""Id"": ""323"", ""Active"": true, ""domain"": ""QBO"", ""sparse"": false, ""Balance"": 0, ""MetaData"": {""CreateTime"": ""2025-07-03T00:10:04-07:00"", ""LastUpdatedTime"": ""2025-07-03T00:10:04-07:00""}, ""SyncToken"": ""0"", ""Vendor1099"": false, ""CurrencyRef"": {""name"": ""Australian Dollar"", ""value"": ""AUD""}, ""DisplayName"": ""Insuret"", ""PrintOnCheckName"": ""Insuret""}",10:04.3,10:04.3
100,9130348479446096,Intercom,413,USD,17,sync,sg_sync_20250703_170957,created,,"{""Id"": ""413"", ""DisplayName"": ""Intercom""}","{""Id"": ""413"", ""Active"": true, ""domain"": ""QBO"", ""sparse"": false, ""Balance"": 0, ""MetaData"": {""CreateTime"": ""2025-07-02T16:46:30-07:00"", ""LastUpdatedTime"": ""2025-07-02T16:46:30-07:00""}, ""SyncToken"": ""0"", ""Vendor1099"": false, ""CurrencyRef"": {""name"": ""United States Dollar"", ""value"": ""USD""}, ""DisplayName"": ""Intercom"", ""PrintOnCheckName"": ""Intercom""}",10:07.7,14:25.3
96,9130354593661056,J&D Quality Smash Repairs,,AUD,156,single,bulk_20250705_120404,duplicate,Vendor 'J&D Quality Smash Repairs' already exists,"{""DisplayName"": ""J&D Quality Smash Repairs""}","{""Id"": ""324"", ""Active"": true, ""domain"": ""QBO"", ""sparse"": false, ""Balance"": 0, ""MetaData"": {""CreateTime"": ""2025-07-03T00:10:06-07:00"", ""LastUpdatedTime"": ""2025-07-03T00:10:06-07:00""}, ""SyncToken"": ""0"", ""Vendor1099"": false, ""CurrencyRef"": {""name"": ""Australian Dollar"", ""value"": ""AUD""}, ""DisplayName"": ""J&D Quality Smash Repairs"", ""PrintOnCheckName"": ""J&D Quality Smash Repairs""}",10:06.7,04:59.7
177,9130354593661056,JD Windscreen,370,AUD,156,single,bulk_20250705_120404,created,,"{""Notes"": ""Metadata: {'default_expense_account': '156', 'created_by': 'vendor_manager'}"", ""CurrencyRef"": {""value"": ""AUD""}, ""DisplayName"": ""JD Windscreen""}","{""Id"": ""370"", ""Active"": true, ""domain"": ""QBO"", ""sparse"": false, ""Balance"": 0, ""MetaData"": {""CreateTime"": ""2025-07-04T19:04:37-07:00"", ""LastUpdatedTime"": ""2025-07-04T19:04:37-07:00""}, ""SyncToken"": ""0"", ""Vendor1099"": false, ""CurrencyRef"": {""name"": ""Australian Dollar"", ""value"": ""AUD""}, ""DisplayName"": ""JD Windscreen"", ""PrintOnCheckName"": ""JD Windscreen""}",04:37.4,04:37.4
105,9130354593661056,Jims car detailing,325,AUD,156,single,bulk_20250703_170916,created,,"{""Notes"": ""Metadata: {'default_expense_account': '156', 'created_by': 'vendor_manager'}"", ""CurrencyRef"": {""value"": ""AUD""}, ""DisplayName"": ""Jims car detailing""}","{""Id"": ""325"", ""Active"": true, ""domain"": ""QBO"", ""sparse"": false, ""Balance"": 0, ""MetaData"": {""CreateTime"": ""2025-07-03T00:10:09-07:00"", ""LastUpdatedTime"": ""2025-07-03T00:10:09-07:00""}, ""SyncToken"": ""0"", ""Vendor1099"": false, ""CurrencyRef"": {""name"": ""Australian Dollar"", ""value"": ""AUD""}, ""DisplayName"": ""Jims car detailing"", ""PrintOnCheckName"": ""Jims car detailing""}",10:09.0,10:09.0
188,9130354593661056,John Clough Auto Trim,380,AUD,156,single,bulk_20250705_120404,created,,"{""Notes"": ""Metadata: {'default_expense_account': '156', 'created_by': 'vendor_manager'}"", ""CurrencyRef"": {""value"": ""AUD""}, ""DisplayName"": ""John Clough Auto Trim""}","{""Id"": ""380"", ""Active"": true, ""domain"": ""QBO"", ""sparse"": false, ""Balance"": 0, ""MetaData"": {""CreateTime"": ""2025-07-04T19:05:11-07:00"", ""LastUpdatedTime"": ""2025-07-04T19:05:11-07:00""}, ""SyncToken"": ""0"", ""Vendor1099"": false, ""CurrencyRef"": {""name"": ""Australian Dollar"", ""value"": ""AUD""}, ""DisplayName"": ""John Clough Auto Trim"", ""PrintOnCheckName"": ""John Clough Auto Trim""}",05:12.0,05:12.0
101,9130348479446096,Jui teck trading company,414,SGD,48,sync,sg_sync_20250703_170957,created,,"{""Id"": ""414"", ""DisplayName"": ""Jui teck trading company""}","{""Id"": ""414"", ""Active"": true, ""domain"": ""QBO"", ""sparse"": false, ""Balance"": 0, ""MetaData"": {""CreateTime"": ""2025-07-02T16:46:33-07:00"", ""LastUpdatedTime"": ""2025-07-02T16:46:33-07:00""}, ""SyncToken"": ""0"", ""Vendor1099"": false, ""CurrencyRef"": {""name"": ""Singapore Dollar"", ""value"": ""SGD""}, ""DisplayName"": ""Jui teck trading company"", ""PrintOnCheckName"": ""Jui teck trading company""}",10:08.0,14:25.6
102,9130348479446096,JustCo,415,SGD,29,sync,sg_sync_20250703_170957,created,,"{""Id"": ""415"", ""DisplayName"": ""JustCo""}","{""Id"": ""415"", ""Active"": true, ""domain"": ""QBO"", ""sparse"": false, ""Balance"": 4588.9, ""MetaData"": {""CreateTime"": ""2025-07-02T16:46:35-07:00"", ""LastUpdatedTime"": ""2025-07-02T20:08:38-07:00""}, ""SyncToken"": ""0"", ""Vendor1099"": false, ""CurrencyRef"": {""name"": ""Singapore Dollar"", ""value"": ""SGD""}, ""DisplayName"": ""JustCo"", ""PrintOnCheckName"": ""JustCo""}",10:08.3,14:26.0
203,9130348479446096,Kang Car Repairers,441,SGD,48,single,bulk_20250705_120959,created,,"{""Notes"": ""Metadata: {'default_expense_account': '48', 'created_by': 'vendor_manager'}"", ""CurrencyRef"": {""value"": ""SGD""}, ""DisplayName"": ""Kang Car Repairers""}","{""Id"": ""441"", ""Active"": true, ""domain"": ""QBO"", ""sparse"": false, ""Balance"": 0, ""MetaData"": {""CreateTime"": ""2025-07-04T19:10:09-07:00"", ""LastUpdatedTime"": ""2025-07-04T19:10:09-07:00""}, ""SyncToken"": ""0"", ""Vendor1099"": false, ""CurrencyRef"": {""name"": ""Singapore Dollar"", ""value"": ""SGD""}, ""DisplayName"": ""Kang Car Repairers"", ""PrintOnCheckName"": ""Kang Car Repairers""}",10:09.4,10:09.4
114,9130354593661056,Keydup Locksmiths,326,AUD,49,single,bulk_20250703_170916,created,,"{""Notes"": ""Metadata: {'default_expense_account': '49', 'created_by': 'vendor_manager'}"", ""CurrencyRef"": {""value"": ""AUD""}, ""DisplayName"": ""Keydup Locksmiths""}","{""Id"": ""326"", ""Active"": true, ""domain"": ""QBO"", ""sparse"": false, ""Balance"": 0, ""MetaData"": {""CreateTime"": ""2025-07-03T00:10:11-07:00"", ""LastUpdatedTime"": ""2025-07-03T00:10:11-07:00""}, ""SyncToken"": ""0"", ""Vendor1099"": false, ""CurrencyRef"": {""name"": ""Australian Dollar"", ""value"": ""AUD""}, ""DisplayName"": ""Keydup Locksmiths"", ""PrintOnCheckName"": ""Keydup Locksmiths""}",10:11.2,10:11.2
129,9130348479446096,kiwi.com,416,INR,115,sync,sg_sync_20250703_170957,created,,"{""Id"": ""416"", ""DisplayName"": ""kiwi.com""}","{""Id"": ""416"", ""Active"": true, ""domain"": ""QBO"", ""sparse"": false, ""Balance"": 0, ""MetaData"": {""CreateTime"": ""2025-07-02T16:46:37-07:00"", ""LastUpdatedTime"": ""2025-07-02T16:46:37-07:00""}, ""SyncToken"": ""0"", ""Vendor1099"": false, ""CurrencyRef"": {""name"": ""Indian Rupee"", ""value"": ""INR""}, ""DisplayName"": ""kiwi.com"", ""PrintOnCheckName"": ""kiwi.com""}",10:15.4,14:26.3
122,9130354593661056,Klean Air Aus Decontamination,327,AUD,156,single,bulk_20250703_170916,created,,"{""Notes"": ""Metadata: {'default_expense_account': '156', 'created_by': 'vendor_manager'}"", ""CurrencyRef"": {""value"": ""AUD""}, ""DisplayName"": ""Klean Air Aus Decontamination""}","{""Id"": ""327"", ""Active"": true, ""domain"": ""QBO"", ""sparse"": false, ""Balance"": 0, ""MetaData"": {""CreateTime"": ""2025-07-03T00:10:13-07:00"", ""LastUpdatedTime"": ""2025-07-03T00:10:13-07:00""}, ""SyncToken"": ""0"", ""Vendor1099"": false, ""CurrencyRef"": {""name"": ""Australian Dollar"", ""value"": ""AUD""}, ""DisplayName"": ""Klean Air Aus Decontamination"", ""PrintOnCheckName"": ""Klean Air Aus Decontamination""}",10:13.6,10:13.6
103,9130348479446096,KORE Wireless Inc.,417,USD,17,sync,sg_sync_20250703_170957,created,,"{""Id"": ""417"", ""DisplayName"": ""KORE Wireless Inc.""}","{""Id"": ""417"", ""Active"": true, ""domain"": ""QBO"", ""sparse"": false, ""Balance"": 0, ""MetaData"": {""CreateTime"": ""2025-07-02T16:46:39-07:00"", ""LastUpdatedTime"": ""2025-07-02T16:46:39-07:00""}, ""SyncToken"": ""0"", ""Vendor1099"": false, ""CurrencyRef"": {""name"": ""United States Dollar"", ""value"": ""USD""}, ""DisplayName"": ""KORE Wireless Inc."", ""PrintOnCheckName"": ""KORE Wireless Inc.""}",10:08.5,14:26.6
201,9130348479446096,Kwee Repair Services,439,SGD,48,single,bulk_20250705_120959,created,,"{""Notes"": ""Metadata: {'default_expense_account': '48', 'created_by': 'vendor_manager'}"", ""CurrencyRef"": {""value"": ""SGD""}, ""DisplayName"": ""Kwee Repair Services""}","{""Id"": ""439"", ""Active"": true, ""domain"": ""QBO"", ""sparse"": false, ""Balance"": 0, ""MetaData"": {""CreateTime"": ""2025-07-04T19:10:03-07:00"", ""LastUpdatedTime"": ""2025-07-04T19:10:03-07:00""}, ""SyncToken"": ""0"", ""Vendor1099"": false, ""CurrencyRef"": {""name"": ""Singapore Dollar"", ""value"": ""SGD""}, ""DisplayName"": ""Kwee Repair Services"", ""PrintOnCheckName"": ""Kwee Repair Services""}",10:04.0,10:04.0
189,9130354593661056,Local towing,381,AUD,156,single,bulk_20250705_120404,created,,"{""Notes"": ""Metadata: {'default_expense_account': '156', 'created_by': 'vendor_manager'}"", ""CurrencyRef"": {""value"": ""AUD""}, ""DisplayName"": ""Local towing""}","{""Id"": ""381"", ""Active"": true, ""domain"": ""QBO"", ""sparse"": false, ""Balance"": 0, ""MetaData"": {""CreateTime"": ""2025-07-04T19:05:14-07:00"", ""LastUpdatedTime"": ""2025-07-04T19:05:14-07:00""}, ""SyncToken"": ""0"", ""Vendor1099"": false, ""CurrencyRef"": {""name"": ""Australian Dollar"", ""value"": ""AUD""}, ""DisplayName"": ""Local towing"", ""PrintOnCheckName"": ""Local towing""}",05:15.1,05:15.1
130,9130354593661056,Melbourne comedy festi,328,AUD,71,single,bulk_20250703_170916,created,,"{""Notes"": ""Metadata: {'default_expense_account': '71', 'created_by': 'vendor_manager'}"", ""CurrencyRef"": {""value"": ""AUD""}, ""DisplayName"": ""Melbourne comedy festi""}","{""Id"": ""328"", ""Active"": true, ""domain"": ""QBO"", ""sparse"": false, ""Balance"": 0, ""MetaData"": {""CreateTime"": ""2025-07-03T00:10:15-07:00"", ""LastUpdatedTime"": ""2025-07-03T00:10:15-07:00""}, ""SyncToken"": ""0"", ""Vendor1099"": false, ""CurrencyRef"": {""name"": ""Australian Dollar"", ""value"": ""AUD""}, ""DisplayName"": ""Melbourne comedy festi"", ""PrintOnCheckName"": ""Melbourne comedy festi""}",10:15.8,10:15.8
131,9130354593661056,MELBOURNE PRESTIGE CENTRE,329,AUD,156,single,bulk_20250703_170916,created,,"{""Notes"": ""Metadata: {'default_expense_account': '156', 'created_by': 'vendor_manager'}"", ""CurrencyRef"": {""value"": ""AUD""}, ""DisplayName"": ""MELBOURNE PRESTIGE CENTRE""}","{""Id"": ""329"", ""Active"": true, ""domain"": ""QBO"", ""sparse"": false, ""Balance"": 0, ""MetaData"": {""CreateTime"": ""2025-07-03T00:10:18-07:00"", ""LastUpdatedTime"": ""2025-07-03T00:10:18-07:00""}, ""SyncToken"": ""0"", ""Vendor1099"": false, ""CurrencyRef"": {""name"": ""Australian Dollar"", ""value"": ""AUD""}, ""DisplayName"": ""MELBOURNE PRESTIGE CENTRE"", ""PrintOnCheckName"": ""MELBOURNE PRESTIGE CENTRE""}",10:18.2,10:18.2
178,9130354593661056,Mill Park Towing Service,371,AUD,156,single,bulk_20250705_120404,created,,"{""Notes"": ""Metadata: {'default_expense_account': '156', 'created_by': 'vendor_manager'}"", ""CurrencyRef"": {""value"": ""AUD""}, ""DisplayName"": ""Mill Park Towing Service""}","{""Id"": ""371"", ""Active"": true, ""domain"": ""QBO"", ""sparse"": false, ""Balance"": 0, ""MetaData"": {""CreateTime"": ""2025-07-04T19:04:40-07:00"", ""LastUpdatedTime"": ""2025-07-04T19:04:40-07:00""}, ""SyncToken"": ""0"", ""Vendor1099"": false, ""CurrencyRef"": {""name"": ""Australian Dollar"", ""value"": ""AUD""}, ""DisplayName"": ""Mill Park Towing Service"", ""PrintOnCheckName"": ""Mill Park Towing Service""}",04:40.2,04:40.2
104,9130348479446096,MoEngage,418,USD,17,sync,sg_sync_20250703_170957,created,,"{""Id"": ""418"", ""DisplayName"": ""MoEngage""}","{""Id"": ""418"", ""Active"": true, ""domain"": ""QBO"", ""sparse"": false, ""Balance"": 0, ""MetaData"": {""CreateTime"": ""2025-07-02T16:46:42-07:00"", ""LastUpdatedTime"": ""2025-07-02T16:46:42-07:00""}, ""SyncToken"": ""0"", ""Vendor1099"": false, ""CurrencyRef"": {""name"": ""United States Dollar"", ""value"": ""USD""}, ""DisplayName"": ""MoEngage"", ""PrintOnCheckName"": ""MoEngage""}",10:08.8,14:26.9
174,9130354593661056,Monash Storage and Towing,367,AUD,156,single,bulk_20250705_120404,created,,"{""Notes"": ""Metadata: {'default_expense_account': '156', 'created_by': 'vendor_manager'}"", ""CurrencyRef"": {""value"": ""AUD""}, ""DisplayName"": ""Monash Storage and Towing""}","{""Id"": ""367"", ""Active"": true, ""domain"": ""QBO"", ""sparse"": false, ""Balance"": 0, ""MetaData"": {""CreateTime"": ""2025-07-04T19:04:26-07:00"", ""LastUpdatedTime"": ""2025-07-04T19:04:26-07:00""}, ""SyncToken"": ""0"", ""Vendor1099"": false, ""CurrencyRef"": {""name"": ""Australian Dollar"", ""value"": ""AUD""}, ""DisplayName"": ""Monash Storage and Towing"", ""PrintOnCheckName"": ""Monash Storage and Towing""}",04:27.0,04:27.0
106,9130348479446096,Mova Automotive Pte Ltd,419,SGD,48,sync,sg_sync_20250703_170957,created,,"{""Id"": ""419"", ""DisplayName"": ""Mova Automotive Pte Ltd""}","{""Id"": ""419"", ""Active"": true, ""domain"": ""QBO"", ""sparse"": false, ""Balance"": 0, ""MetaData"": {""CreateTime"": ""2025-07-02T16:46:44-07:00"", ""LastUpdatedTime"": ""2025-07-02T16:46:44-07:00""}, ""SyncToken"": ""0"", ""Vendor1099"": false, ""CurrencyRef"": {""name"": ""Singapore Dollar"", ""value"": ""SGD""}, ""DisplayName"": ""Mova Automotive Pte Ltd"", ""PrintOnCheckName"": ""Mova Automotive Pte Ltd""}",10:09.1,14:27.2
220,9130354593661056,MSJ Logistics,397,AUD,,single,,created,,"{""CompanyName"": ""MSJ Logistics"", ""CurrencyRef"": {""value"": ""AUD""}, ""DisplayName"": ""MSJ Logistics""}","{""Id"": ""397"", ""Active"": true, ""domain"": ""QBO"", ""sparse"": false, ""Balance"": 0, ""MetaData"": {""CreateTime"": ""2025-07-21T03:20:38-07:00"", ""LastUpdatedTime"": ""2025-07-21T03:20:38-07:00""}, ""SyncToken"": ""0"", ""Vendor1099"": false, ""CompanyName"": ""MSJ Logistics"", ""CurrencyRef"": {""name"": ""Australian Dollar"", ""value"": ""AUD""}, ""DisplayName"": ""MSJ Logistics"", ""PrintOnCheckName"": ""MSJ Logistics""}",20:38.8,20:38.8
200,9130354593661056,Mycar,392,AUD,156,single,bulk_20250705_120404,created,,"{""Notes"": ""Metadata: {'default_expense_account': '156', 'created_by': 'vendor_manager'}"", ""CurrencyRef"": {""value"": ""AUD""}, ""DisplayName"": ""Mycar""}","{""Id"": ""392"", ""Active"": true, ""domain"": ""QBO"", ""sparse"": false, ""Balance"": 0, ""MetaData"": {""CreateTime"": ""2025-07-04T19:05:52-07:00"", ""LastUpdatedTime"": ""2025-07-04T19:05:52-07:00""}, ""SyncToken"": ""0"", ""Vendor1099"": false, ""CurrencyRef"": {""name"": ""Australian Dollar"", ""value"": ""AUD""}, ""DisplayName"": ""Mycar"", ""PrintOnCheckName"": ""Mycar""}",05:53.3,05:53.3
133,9130354593661056,NCIS,330,AUD,156,single,bulk_20250703_170916,created,,"{""Notes"": ""Metadata: {'default_expense_account': '156', 'created_by': 'vendor_manager'}"", ""CurrencyRef"": {""value"": ""AUD""}, ""DisplayName"": ""NCIS""}","{""Id"": ""330"", ""Active"": true, ""domain"": ""QBO"", ""sparse"": false, ""Balance"": 0, ""MetaData"": {""CreateTime"": ""2025-07-03T00:10:22-07:00"", ""LastUpdatedTime"": ""2025-07-03T00:10:22-07:00""}, ""SyncToken"": ""0"", ""Vendor1099"": false, ""CurrencyRef"": {""name"": ""Australian Dollar"", ""value"": ""AUD""}, ""DisplayName"": ""NCIS"", ""PrintOnCheckName"": ""NCIS""}",10:22.5,10:22.5
107,9130348479446096,NEW POS NETWORK(S) PTE LTD,420,SGD,17,sync,sg_sync_20250703_170957,created,,"{""Id"": ""420"", ""DisplayName"": ""NEW POS NETWORK(S) PTE LTD""}","{""Id"": ""420"", ""Active"": true, ""domain"": ""QBO"", ""sparse"": false, ""Balance"": 0, ""MetaData"": {""CreateTime"": ""2025-07-02T16:46:46-07:00"", ""LastUpdatedTime"": ""2025-07-02T16:46:46-07:00""}, ""SyncToken"": ""0"", ""Vendor1099"": false, ""CurrencyRef"": {""name"": ""Singapore Dollar"", ""value"": ""SGD""}, ""DisplayName"": ""NEW POS NETWORK(S) PTE LTD"", ""PrintOnCheckName"": ""NEW POS NETWORK(S) PTE LTD""}",10:09.4,14:27.5
134,9130354593661056,NORMAN CHAN,331,AUD,156,single,bulk_20250703_170916,created,,"{""Notes"": ""Metadata: {'default_expense_account': '156', 'created_by': 'vendor_manager'}"", ""CurrencyRef"": {""value"": ""AUD""}, ""DisplayName"": ""NORMAN CHAN""}","{""Id"": ""331"", ""Active"": true, ""domain"": ""QBO"", ""sparse"": false, ""Balance"": 0, ""MetaData"": {""CreateTime"": ""2025-07-03T00:10:24-07:00"", ""LastUpdatedTime"": ""2025-07-03T00:10:24-07:00""}, ""SyncToken"": ""0"", ""Vendor1099"": false, ""CurrencyRef"": {""name"": ""Australian Dollar"", ""value"": ""AUD""}, ""DisplayName"": ""NORMAN CHAN"", ""PrintOnCheckName"": ""NORMAN CHAN""}",10:24.8,10:24.8
135,9130354593661056,North Shore & City Towing Pty Ltd,332,AUD,156,single,bulk_20250703_170916,created,,"{""Notes"": ""Metadata: {'default_expense_account': '156', 'created_by': 'vendor_manager'}"", ""CurrencyRef"": {""value"": ""AUD""}, ""DisplayName"": ""North Shore & City Towing Pty Ltd""}","{""Id"": ""332"", ""Active"": true, ""domain"": ""QBO"", ""sparse"": false, ""Balance"": 0, ""MetaData"": {""CreateTime"": ""2025-07-03T00:10:27-07:00"", ""LastUpdatedTime"": ""2025-07-03T00:10:27-07:00""}, ""SyncToken"": ""0"", ""Vendor1099"": false, ""CurrencyRef"": {""name"": ""Australian Dollar"", ""value"": ""AUD""}, ""DisplayName"": ""North Shore & City Towing Pty Ltd"", ""PrintOnCheckName"": ""North Shore & City Towing Pty Ltd""}",10:27.2,10:27.2
170,9130354593661056,Nova Smash Repairs,363,AUD,156,single,bulk_20250705_120404,created,,"{""Notes"": ""Metadata: {'default_expense_account': '156', 'created_by': 'vendor_manager'}"", ""CurrencyRef"": {""value"": ""AUD""}, ""DisplayName"": ""Nova Smash Repairs""}","{""Id"": ""363"", ""Active"": true, ""domain"": ""QBO"", ""sparse"": false, ""Balance"": 0, ""MetaData"": {""CreateTime"": ""2025-07-04T19:04:14-07:00"", ""LastUpdatedTime"": ""2025-07-04T19:04:14-07:00""}, ""SyncToken"": ""0"", ""Vendor1099"": false, ""CurrencyRef"": {""name"": ""Australian Dollar"", ""value"": ""AUD""}, ""DisplayName"": ""Nova Smash Repairs"", ""PrintOnCheckName"": ""Nova Smash Repairs""}",04:14.9,04:14.9
108,9130348479446096,NTUC,421,SGD,13,sync,sg_sync_20250703_170957,created,,"{""Id"": ""421"", ""DisplayName"": ""NTUC""}","{""Id"": ""421"", ""Active"": true, ""domain"": ""QBO"", ""sparse"": false, ""Balance"": 0, ""MetaData"": {""CreateTime"": ""2025-07-02T16:46:48-07:00"", ""LastUpdatedTime"": ""2025-07-02T16:46:48-07:00""}, ""SyncToken"": ""0"", ""Vendor1099"": false, ""CurrencyRef"": {""name"": ""Singapore Dollar"", ""value"": ""SGD""}, ""DisplayName"": ""NTUC"", ""PrintOnCheckName"": ""NTUC""}",10:09.7,14:27.8
136,9130354593661056,Oakleigh Garage,333,AUD,156,single,bulk_20250703_170916,created,,"{""Notes"": ""Metadata: {'default_expense_account': '156', 'created_by': 'vendor_manager'}"", ""CurrencyRef"": {""value"": ""AUD""}, ""DisplayName"": ""Oakleigh Garage""}","{""Id"": ""333"", ""Active"": true, ""domain"": ""QBO"", ""sparse"": false, ""Balance"": 0, ""MetaData"": {""CreateTime"": ""2025-07-03T00:10:29-07:00"", ""LastUpdatedTime"": ""2025-07-03T00:10:29-07:00""}, ""SyncToken"": ""0"", ""Vendor1099"": false, ""CurrencyRef"": {""name"": ""Australian Dollar"", ""value"": ""AUD""}, ""DisplayName"": ""Oakleigh Garage"", ""PrintOnCheckName"": ""Oakleigh Garage""}",10:29.5,10:29.5
109,9130348479446096,Onfido,422,USD,17,sync,sg_sync_20250703_170957,created,,"{""Id"": ""422"", ""DisplayName"": ""Onfido""}","{""Id"": ""422"", ""Active"": true, ""domain"": ""QBO"", ""sparse"": false, ""Balance"": 0, ""MetaData"": {""CreateTime"": ""2025-07-02T16:46:51-07:00"", ""LastUpdatedTime"": ""2025-07-02T16:46:51-07:00""}, ""SyncToken"": ""0"", ""Vendor1099"": false, ""CurrencyRef"": {""name"": ""United States Dollar"", ""value"": ""USD""}, ""DisplayName"": ""Onfido"", ""PrintOnCheckName"": ""Onfido""}",10:10.0,14:28.2
137,9130354593661056,Pack & Send,334,AUD,49,single,bulk_20250703_170916,created,,"{""Notes"": ""Metadata: {'default_expense_account': '49', 'created_by': 'vendor_manager'}"", ""CurrencyRef"": {""value"": ""AUD""}, ""DisplayName"": ""Pack & Send""}","{""Id"": ""334"", ""Active"": true, ""domain"": ""QBO"", ""sparse"": false, ""Balance"": 0, ""MetaData"": {""CreateTime"": ""2025-07-03T00:10:31-07:00"", ""LastUpdatedTime"": ""2025-07-03T00:10:31-07:00""}, ""SyncToken"": ""0"", ""Vendor1099"": false, ""CurrencyRef"": {""name"": ""Australian Dollar"", ""value"": ""AUD""}, ""DisplayName"": ""Pack & Send"", ""PrintOnCheckName"": ""Pack & Send""}",10:31.7,10:31.7
110,9130348479446096,Palms Bistro,423,SGD,148,sync,sg_sync_20250703_170957,created,,"{""Id"": ""423"", ""DisplayName"": ""Palms Bistro""}","{""Id"": ""423"", ""Active"": true, ""domain"": ""QBO"", ""sparse"": false, ""Balance"": 0, ""MetaData"": {""CreateTime"": ""2025-07-02T16:46:53-07:00"", ""LastUpdatedTime"": ""2025-07-02T16:46:53-07:00""}, ""SyncToken"": ""0"", ""Vendor1099"": false, ""CurrencyRef"": {""name"": ""Singapore Dollar"", ""value"": ""SGD""}, ""DisplayName"": ""Palms Bistro"", ""PrintOnCheckName"": ""Palms Bistro""}",10:10.3,14:28.6
138,9130354593661056,Penguin Risk Solutions,335,AUD,53,single,bulk_20250703_170916,created,,"{""Notes"": ""Metadata: {'default_expense_account': '53', 'created_by': 'vendor_manager'}"", ""CurrencyRef"": {""value"": ""AUD""}, ""DisplayName"": ""Penguin Risk Solutions""}","{""Id"": ""335"", ""Active"": true, ""domain"": ""QBO"", ""sparse"": false, ""Balance"": 0, ""MetaData"": {""CreateTime"": ""2025-07-03T00:10:34-07:00"", ""LastUpdatedTime"": ""2025-07-03T00:10:34-07:00""}, ""SyncToken"": ""0"", ""Vendor1099"": false, ""CurrencyRef"": {""name"": ""Australian Dollar"", ""value"": ""AUD""}, ""DisplayName"": ""Penguin Risk Solutions"", ""PrintOnCheckName"": ""Penguin Risk Solutions""}",10:33.9,10:33.9
206,9130348479446096,Pier Counsel,444,SGD,148,single,bulk_20250705_120959,created,,"{""Notes"": ""Metadata: {'default_expense_account': '148', 'created_by': 'vendor_manager'}"", ""CurrencyRef"": {""value"": ""SGD""}, ""DisplayName"": ""Pier Counsel""}","{""Id"": ""444"", ""Active"": true, ""domain"": ""QBO"", ""sparse"": false, ""Balance"": 0, ""MetaData"": {""CreateTime"": ""2025-07-04T19:10:17-07:00"", ""LastUpdatedTime"": ""2025-07-04T19:10:17-07:00""}, ""SyncToken"": ""0"", ""Vendor1099"": false, ""CurrencyRef"": {""name"": ""Singapore Dollar"", ""value"": ""SGD""}, ""DisplayName"": ""Pier Counsel"", ""PrintOnCheckName"": ""Pier Counsel""}",10:17.5,10:17.5
207,9130348479446096,Pro - Jex v2d,445,SGD,48,single,bulk_20250705_120959,created,,"{""Notes"": ""Metadata: {'default_expense_account': '48', 'created_by': 'vendor_manager'}"", ""CurrencyRef"": {""value"": ""SGD""}, ""DisplayName"": ""Pro - Jex v2d""}","{""Id"": ""445"", ""Active"": true, ""domain"": ""QBO"", ""sparse"": false, ""Balance"": 0, ""MetaData"": {""CreateTime"": ""2025-07-04T19:10:20-07:00"", ""LastUpdatedTime"": ""2025-07-04T19:10:20-07:00""}, ""SyncToken"": ""0"", ""Vendor1099"": false, ""CurrencyRef"": {""name"": ""Singapore Dollar"", ""value"": ""SGD""}, ""DisplayName"": ""Pro - Jex v2d"", ""PrintOnCheckName"": ""Pro - Jex v2d""}",10:20.2,10:20.2
205,9130348479446096,Provident fund Malaysia,443,MYR,148,single,bulk_20250705_120959,created,,"{""Notes"": ""Metadata: {'default_expense_account': '148', 'created_by': 'vendor_manager'}"", ""CurrencyRef"": {""value"": ""MYR""}, ""DisplayName"": ""Provident fund Malaysia""}","{""Id"": ""443"", ""Active"": true, ""domain"": ""QBO"", ""sparse"": false, ""Balance"": 0, ""MetaData"": {""CreateTime"": ""2025-07-04T19:10:14-07:00"", ""LastUpdatedTime"": ""2025-07-04T19:10:14-07:00""}, ""SyncToken"": ""0"", ""Vendor1099"": false, ""CurrencyRef"": {""name"": ""Malaysian Ringgit"", ""value"": ""MYR""}, ""DisplayName"": ""Provident fund Malaysia"", ""PrintOnCheckName"": ""Provident fund Malaysia""}",10:14.8,10:14.8
139,9130354593661056,RACQ,336,AUD,156,single,bulk_20250703_170916,created,,"{""Notes"": ""Metadata: {'default_expense_account': '156', 'created_by': 'vendor_manager'}"", ""CurrencyRef"": {""value"": ""AUD""}, ""DisplayName"": ""RACQ""}","{""Id"": ""336"", ""Active"": true, ""domain"": ""QBO"", ""sparse"": false, ""Balance"": 0, ""MetaData"": {""CreateTime"": ""2025-07-03T00:10:36-07:00"", ""LastUpdatedTime"": ""2025-07-03T00:10:36-07:00""}, ""SyncToken"": ""0"", ""Vendor1099"": false, ""CurrencyRef"": {""name"": ""Australian Dollar"", ""value"": ""AUD""}, ""DisplayName"": ""RACQ"", ""PrintOnCheckName"": ""RACQ""}",10:36.2,10:36.2
198,9130354593661056,Rebel Print Studio,390,AUD,156,single,bulk_20250705_120404,created,,"{""Notes"": ""Metadata: {'default_expense_account': '156', 'created_by': 'vendor_manager'}"", ""CurrencyRef"": {""value"": ""AUD""}, ""DisplayName"": ""Rebel Print Studio""}","{""Id"": ""390"", ""Active"": true, ""domain"": ""QBO"", ""sparse"": false, ""Balance"": 0, ""MetaData"": {""CreateTime"": ""2025-07-04T19:05:46-07:00"", ""LastUpdatedTime"": ""2025-07-04T19:05:46-07:00""}, ""SyncToken"": ""0"", ""Vendor1099"": false, ""CurrencyRef"": {""name"": ""Australian Dollar"", ""value"": ""AUD""}, ""DisplayName"": ""Rebel Print Studio"", ""PrintOnCheckName"": ""Rebel Print Studio""}",05:47.0,05:47.0
111,9130348479446096,Ridhi Karan,424,INR,148,sync,sg_sync_20250703_170957,created,,"{""Id"": ""424"", ""DisplayName"": ""Ridhi Karan""}","{""Id"": ""424"", ""Active"": true, ""domain"": ""QBO"", ""sparse"": false, ""Balance"": 0, ""MetaData"": {""CreateTime"": ""2025-07-02T16:46:56-07:00"", ""LastUpdatedTime"": ""2025-07-02T16:46:56-07:00""}, ""SyncToken"": ""0"", ""Vendor1099"": false, ""CurrencyRef"": {""name"": ""Indian Rupee"", ""value"": ""INR""}, ""DisplayName"": ""Ridhi Karan"", ""PrintOnCheckName"": ""Ridhi Karan""}",10:10.6,14:28.9
204,9130348479446096,RMS - Singapore,442,SGD,184,single,bulk_20250705_120959,created,,"{""Notes"": ""Metadata: {'default_expense_account': '235', 'created_by': 'vendor_manager'}"", ""CurrencyRef"": {""value"": ""SGD""}, ""DisplayName"": ""RMS - Singapore""}","{""Id"": ""442"", ""Active"": true, ""domain"": ""QBO"", ""sparse"": false, ""Balance"": 0, ""MetaData"": {""CreateTime"": ""2025-07-04T19:10:12-07:00"", ""LastUpdatedTime"": ""2025-07-04T19:10:12-07:00""}, ""SyncToken"": ""0"", ""Vendor1099"": false, ""CurrencyRef"": {""name"": ""Singapore Dollar"", ""value"": ""SGD""}, ""DisplayName"": ""RMS - Singapore"", ""PrintOnCheckName"": ""RMS - Singapore""}",10:12.1,10:12.1
140,9130354593661056,Rohde Smash Repair,337,AUD,156,single,bulk_20250703_170916,created,,"{""Notes"": ""Metadata: {'default_expense_account': '156', 'created_by': 'vendor_manager'}"", ""CurrencyRef"": {""value"": ""AUD""}, ""DisplayName"": ""Rohde Smash Repair""}","{""Id"": ""337"", ""Active"": true, ""domain"": ""QBO"", ""sparse"": false, ""Balance"": 0, ""MetaData"": {""CreateTime"": ""2025-07-03T00:10:38-07:00"", ""LastUpdatedTime"": ""2025-07-03T00:10:38-07:00""}, ""SyncToken"": ""0"", ""Vendor1099"": false, ""CurrencyRef"": {""name"": ""Australian Dollar"", ""value"": ""AUD""}, ""DisplayName"": ""Rohde Smash Repair"", ""PrintOnCheckName"": ""Rohde Smash Repair""}",10:38.6,10:38.6
112,9130348479446096,Roobykon,425,USD,17,sync,sg_sync_20250703_170957,created,,"{""Id"": ""425"", ""DisplayName"": ""Roobykon""}","{""Id"": ""425"", ""Active"": true, ""domain"": ""QBO"", ""sparse"": false, ""Balance"": 0, ""MetaData"": {""CreateTime"": ""2025-07-02T16:46:58-07:00"", ""LastUpdatedTime"": ""2025-07-02T16:46:58-07:00""}, ""SyncToken"": ""0"", ""Vendor1099"": false, ""CurrencyRef"": {""name"": ""United States Dollar"", ""value"": ""USD""}, ""DisplayName"": ""Roobykon"", ""PrintOnCheckName"": ""Roobykon""}",10:10.9,14:29.2
113,9130348479446096,SELECTE PTE LTD,426,SGD,148,sync,sg_sync_20250703_170957,created,,"{""Id"": ""426"", ""DisplayName"": ""SELECTE PTE LTD""}","{""Id"": ""426"", ""Active"": true, ""domain"": ""QBO"", ""sparse"": false, ""Balance"": 0, ""MetaData"": {""CreateTime"": ""2025-07-02T16:47:00-07:00"", ""LastUpdatedTime"": ""2025-07-02T16:47:00-07:00""}, ""SyncToken"": ""0"", ""Vendor1099"": false, ""CurrencyRef"": {""name"": ""Singapore Dollar"", ""value"": ""SGD""}, ""DisplayName"": ""SELECTE PTE LTD"", ""PrintOnCheckName"": ""SELECTE PTE LTD""}",10:11.2,14:29.5
141,9130354593661056,SEMITS SMASH REPAIRS PTY LTD,338,AUD,156,single,bulk_20250703_170916,created,,"{""Notes"": ""Metadata: {'default_expense_account': '156', 'created_by': 'vendor_manager'}"", ""CurrencyRef"": {""value"": ""AUD""}, ""DisplayName"": ""SEMITS SMASH REPAIRS PTY LTD""}","{""Id"": ""338"", ""Active"": true, ""domain"": ""QBO"", ""sparse"": false, ""Balance"": 0, ""MetaData"": {""CreateTime"": ""2025-07-03T00:10:40-07:00"", ""LastUpdatedTime"": ""2025-07-03T00:10:40-07:00""}, ""SyncToken"": ""0"", ""Vendor1099"": false, ""CurrencyRef"": {""name"": ""Australian Dollar"", ""value"": ""AUD""}, ""DisplayName"": ""SEMITS SMASH REPAIRS PTY LTD"", ""PrintOnCheckName"": ""SEMITS SMASH REPAIRS PTY LTD""}",10:40.9,10:40.9
142,9130354593661056,SentriLock,360,USD,70,single,manual_retry_minimal,created,,"{""DisplayName"": ""SentriLock""}","{""Id"": ""360"", ""Active"": true, ""domain"": ""QBO"", ""sparse"": false, ""Balance"": 0, ""MetaData"": {""CreateTime"": ""2025-07-03T00:21:49-07:00"", ""LastUpdatedTime"": ""2025-07-03T00:21:49-07:00""}, ""SyncToken"": ""0"", ""Vendor1099"": false, ""CurrencyRef"": {""name"": ""Australian Dollar"", ""value"": ""AUD""}, ""DisplayName"": ""SentriLock"", ""PrintOnCheckName"": ""SentriLock""}",10:43.2,21:49.5
115,9130348479446096,SEVEN POUNDS CREATIVE SDN BHD,427,MYR,49,sync,sg_sync_20250703_170957,created,,"{""Id"": ""427"", ""DisplayName"": ""SEVEN POUNDS CREATIVE SDN BHD""}","{""Id"": ""427"", ""Active"": true, ""domain"": ""QBO"", ""sparse"": false, ""Balance"": 0, ""MetaData"": {""CreateTime"": ""2025-07-02T16:47:02-07:00"", ""LastUpdatedTime"": ""2025-07-02T16:47:02-07:00""}, ""SyncToken"": ""0"", ""Vendor1099"": false, ""CurrencyRef"": {""name"": ""Malaysian Ringgit"", ""value"": ""MYR""}, ""DisplayName"": ""SEVEN POUNDS CREATIVE SDN BHD"", ""PrintOnCheckName"": ""SEVEN POUNDS CREATIVE SDN BHD""}",10:11.5,14:29.8
143,9130354593661056,SHARPS,339,AUD,156,single,bulk_20250703_170916,created,,"{""Notes"": ""Metadata: {'default_expense_account': '156', 'created_by': 'vendor_manager'}"", ""CurrencyRef"": {""value"": ""AUD""}, ""DisplayName"": ""SHARPS""}","{""Id"": ""339"", ""Active"": true, ""domain"": ""QBO"", ""sparse"": false, ""Balance"": 0, ""MetaData"": {""CreateTime"": ""2025-07-03T00:10:47-07:00"", ""LastUpdatedTime"": ""2025-07-03T00:10:47-07:00""}, ""SyncToken"": ""0"", ""Vendor1099"": false, ""CurrencyRef"": {""name"": ""Australian Dollar"", ""value"": ""AUD""}, ""DisplayName"": ""SHARPS"", ""PrintOnCheckName"": ""SHARPS""}",10:47.7,10:47.7
144,9130354593661056,SHEENGROUP TOWING PTY LTD,340,AUD,156,single,bulk_20250703_170916,created,,"{""Notes"": ""Metadata: {'default_expense_account': '156', 'created_by': 'vendor_manager'}"", ""CurrencyRef"": {""value"": ""AUD""}, ""DisplayName"": ""SHEENGROUP TOWING PTY LTD""}","{""Id"": ""340"", ""Active"": true, ""domain"": ""QBO"", ""sparse"": false, ""Balance"": 0, ""MetaData"": {""CreateTime"": ""2025-07-03T00:10:50-07:00"", ""LastUpdatedTime"": ""2025-07-03T00:10:50-07:00""}, ""SyncToken"": ""0"", ""Vendor1099"": false, ""CurrencyRef"": {""name"": ""Australian Dollar"", ""value"": ""AUD""}, ""DisplayName"": ""SHEENGROUP TOWING PTY LTD"", ""PrintOnCheckName"": ""SHEENGROUP TOWING PTY LTD""}",10:50.1,10:50.1
116,9130348479446096,Singapore Network Information Centre,428,SGD,17,sync,sg_sync_20250703_170957,created,,"{""Id"": ""428"", ""DisplayName"": ""Singapore Network Information Centre""}","{""Id"": ""428"", ""Active"": true, ""domain"": ""QBO"", ""sparse"": false, ""Balance"": 0, ""MetaData"": {""CreateTime"": ""2025-07-02T16:47:04-07:00"", ""LastUpdatedTime"": ""2025-07-02T16:47:04-07:00""}, ""SyncToken"": ""0"", ""Vendor1099"": false, ""CurrencyRef"": {""name"": ""Singapore Dollar"", ""value"": ""SGD""}, ""DisplayName"": ""Singapore Network Information Centre"", ""PrintOnCheckName"": ""Singapore Network Information Centre""}",10:11.7,14:30.1
145,9130354593661056,South East Smash,341,AUD,156,single,bulk_20250703_170916,created,,"{""Notes"": ""Metadata: {'default_expense_account': '156', 'created_by': 'vendor_manager'}"", ""CurrencyRef"": {""value"": ""AUD""}, ""DisplayName"": ""South East Smash""}","{""Id"": ""341"", ""Active"": true, ""domain"": ""QBO"", ""sparse"": false, ""Balance"": 0, ""MetaData"": {""CreateTime"": ""2025-07-03T00:10:52-07:00"", ""LastUpdatedTime"": ""2025-07-03T00:10:52-07:00""}, ""SyncToken"": ""0"", ""Vendor1099"": false, ""CurrencyRef"": {""name"": ""Australian Dollar"", ""value"": ""AUD""}, ""DisplayName"": ""South East Smash"", ""PrintOnCheckName"": ""South East Smash""}",10:52.5,10:52.5
199,9130354593661056,Springfield gates,391,AUD,156,single,bulk_20250705_120404,created,,"{""Notes"": ""Metadata: {'default_expense_account': '156', 'created_by': 'vendor_manager'}"", ""CurrencyRef"": {""value"": ""AUD""}, ""DisplayName"": ""Springfield gates""}","{""Id"": ""391"", ""Active"": true, ""domain"": ""QBO"", ""sparse"": false, ""Balance"": 0, ""MetaData"": {""CreateTime"": ""2025-07-04T19:05:49-07:00"", ""LastUpdatedTime"": ""2025-07-04T19:05:49-07:00""}, ""SyncToken"": ""0"", ""Vendor1099"": false, ""CurrencyRef"": {""name"": ""Australian Dollar"", ""value"": ""AUD""}, ""DisplayName"": ""Springfield gates"", ""PrintOnCheckName"": ""Springfield gates""}",05:50.2,05:50.2
183,9130354593661056,SSN Smash repairs,376,AUD,156,single,bulk_20250705_120404,created,,"{""Notes"": ""Metadata: {'default_expense_account': '156', 'created_by': 'vendor_manager'}"", ""CurrencyRef"": {""value"": ""AUD""}, ""DisplayName"": ""SSN Smash repairs""}","{""Id"": ""376"", ""Active"": true, ""domain"": ""QBO"", ""sparse"": false, ""Balance"": 0, ""MetaData"": {""CreateTime"": ""2025-07-04T19:04:57-07:00"", ""LastUpdatedTime"": ""2025-07-04T19:04:57-07:00""}, ""SyncToken"": ""0"", ""Vendor1099"": false, ""CurrencyRef"": {""name"": ""Australian Dollar"", ""value"": ""AUD""}, ""DisplayName"": ""SSN Smash repairs"", ""PrintOnCheckName"": ""SSN Smash repairs""}",04:58.2,04:58.2
146,9130354593661056,Stephen Inner West Smash Repairs Pty Ltd,342,AUD,156,single,bulk_20250703_170916,created,,"{""Notes"": ""Metadata: {'default_expense_account': '156', 'created_by': 'vendor_manager'}"", ""CurrencyRef"": {""value"": ""AUD""}, ""DisplayName"": ""Stephen Inner West Smash Repairs Pty Ltd""}","{""Id"": ""342"", ""Active"": true, ""domain"": ""QBO"", ""sparse"": false, ""Balance"": 0, ""MetaData"": {""CreateTime"": ""2025-07-03T00:10:54-07:00"", ""LastUpdatedTime"": ""2025-07-03T00:10:54-07:00""}, ""SyncToken"": ""0"", ""Vendor1099"": false, ""CurrencyRef"": {""name"": ""Australian Dollar"", ""value"": ""AUD""}, ""DisplayName"": ""Stephen Inner West Smash Repairs Pty Ltd"", ""PrintOnCheckName"": ""Stephen Inner West Smash Repairs Pty Ltd""}",10:54.7,10:54.7
191,9130354593661056,Stuttgart Autos,383,AUD,156,single,bulk_20250705_120404,created,,"{""Notes"": ""Metadata: {'default_expense_account': '156', 'created_by': 'vendor_manager'}"", ""CurrencyRef"": {""value"": ""AUD""}, ""DisplayName"": ""Stuttgart Autos""}","{""Id"": ""383"", ""Active"": true, ""domain"": ""QBO"", ""sparse"": false, ""Balance"": 0, ""MetaData"": {""CreateTime"": ""2025-07-04T19:05:21-07:00"", ""LastUpdatedTime"": ""2025-07-04T19:05:21-07:00""}, ""SyncToken"": ""0"", ""Vendor1099"": false, ""CurrencyRef"": {""name"": ""Australian Dollar"", ""value"": ""AUD""}, ""DisplayName"": ""Stuttgart Autos"", ""PrintOnCheckName"": ""Stuttgart Autos""}",05:21.5,05:21.5
182,9130354593661056,Sydney Transport Provider,375,AUD,156,single,bulk_20250705_120404,created,,"{""Notes"": ""Metadata: {'default_expense_account': '156', 'created_by': 'vendor_manager'}"", ""CurrencyRef"": {""value"": ""AUD""}, ""DisplayName"": ""Sydney Transport Provider""}","{""Id"": ""375"", ""Active"": true, ""domain"": ""QBO"", ""sparse"": false, ""Balance"": 0, ""MetaData"": {""CreateTime"": ""2025-07-04T19:04:54-07:00"", ""LastUpdatedTime"": ""2025-07-04T19:04:54-07:00""}, ""SyncToken"": ""0"", ""Vendor1099"": false, ""CurrencyRef"": {""name"": ""Australian Dollar"", ""value"": ""AUD""}, ""DisplayName"": ""Sydney Transport Provider"", ""PrintOnCheckName"": ""Sydney Transport Provider""}",04:54.8,04:54.8
159,9130354593661056,Test Currency Vendor,355,AUD,,single,variation_test,created,,"{""CurrencyRef"": {""value"": ""AUD""}, ""DisplayName"": ""Test Currency Vendor""}","{""Id"": ""355"", ""Active"": true, ""domain"": ""QBO"", ""sparse"": false, ""Balance"": 0, ""MetaData"": {""CreateTime"": ""2025-07-03T00:19:57-07:00"", ""LastUpdatedTime"": ""2025-07-03T00:19:57-07:00""}, ""SyncToken"": ""0"", ""Vendor1099"": false, ""CurrencyRef"": {""name"": ""Australian Dollar"", ""value"": ""AUD""}, ""DisplayName"": ""Test Currency Vendor"", ""PrintOnCheckName"": ""Test Currency Vendor""}",19:57.4,19:57.4
160,9130354593661056,Test Expense Vendor,356,,61,single,variation_test,created,,"{""Notes"": ""Metadata: {'default_expense_account': '61', 'created_by': 'vendor_manager'}"", ""DisplayName"": ""Test Expense Vendor""}","{""Id"": ""356"", ""Active"": true, ""domain"": ""QBO"", ""sparse"": false, ""Balance"": 0, ""MetaData"": {""CreateTime"": ""2025-07-03T00:19:59-07:00"", ""LastUpdatedTime"": ""2025-07-03T00:19:59-07:00""}, ""SyncToken"": ""0"", ""Vendor1099"": false, ""CurrencyRef"": {""name"": ""Australian Dollar"", ""value"": ""AUD""}, ""DisplayName"": ""Test Expense Vendor"", ""PrintOnCheckName"": ""Test Expense Vendor""}",19:59.6,19:59.6
161,9130354593661056,Test Full Vendor,357,AUD,61,single,variation_test,created,,"{""Notes"": ""Metadata: {'default_expense_account': '61', 'created_by': 'vendor_manager'}"", ""CurrencyRef"": {""value"": ""AUD""}, ""DisplayName"": ""Test Full Vendor""}","{""Id"": ""357"", ""Active"": true, ""domain"": ""QBO"", ""sparse"": false, ""Balance"": 0, ""MetaData"": {""CreateTime"": ""2025-07-03T00:20:01-07:00"", ""LastUpdatedTime"": ""2025-07-03T00:20:01-07:00""}, ""SyncToken"": ""0"", ""Vendor1099"": false, ""CurrencyRef"": {""name"": ""Australian Dollar"", ""value"": ""AUD""}, ""DisplayName"": ""Test Full Vendor"", ""PrintOnCheckName"": ""Test Full Vendor""}",20:01.9,20:01.9
158,9130354593661056,Test Minimal Vendor,354,,,single,variation_test,created,,"{""DisplayName"": ""Test Minimal Vendor""}","{""Id"": ""354"", ""Active"": true, ""domain"": ""QBO"", ""sparse"": false, ""Balance"": 0, ""MetaData"": {""CreateTime"": ""2025-07-03T00:19:55-07:00"", ""LastUpdatedTime"": ""2025-07-03T00:19:55-07:00""}, ""SyncToken"": ""0"", ""Vendor1099"": false, ""CurrencyRef"": {""name"": ""Australian Dollar"", ""value"": ""AUD""}, ""DisplayName"": ""Test Minimal Vendor"", ""PrintOnCheckName"": ""Test Minimal Vendor""}",19:55.1,19:55.1
157,9130354593661056,Test Vendor Debug,353,AUD,61,single,debug_test,created,,"{""Notes"": ""Metadata: {'default_expense_account': '61', 'created_by': 'vendor_manager'}"", ""CurrencyRef"": {""value"": ""AUD""}, ""DisplayName"": ""Test Vendor Debug""}","{""Id"": ""353"", ""Active"": true, ""domain"": ""QBO"", ""sparse"": false, ""Balance"": 0, ""MetaData"": {""CreateTime"": ""2025-07-03T00:18:58-07:00"", ""LastUpdatedTime"": ""2025-07-03T00:18:58-07:00""}, ""SyncToken"": ""0"", ""Vendor1099"": false, ""CurrencyRef"": {""name"": ""Australian Dollar"", ""value"": ""AUD""}, ""DisplayName"": ""Test Vendor Debug"", ""PrintOnCheckName"": ""Test Vendor Debug""}",18:58.0,18:58.0
147,9130354593661056,The Fleet Dr Pty Ltd,343,AUD,157,single,bulk_20250703_170916,created,,"{""Notes"": ""Metadata: {'default_expense_account': '157', 'created_by': 'vendor_manager'}"", ""CurrencyRef"": {""value"": ""AUD""}, ""DisplayName"": ""The Fleet Dr Pty Ltd""}","{""Id"": ""343"", ""Active"": true, ""domain"": ""QBO"", ""sparse"": false, ""Balance"": 0, ""MetaData"": {""CreateTime"": ""2025-07-03T00:10:57-07:00"", ""LastUpdatedTime"": ""2025-07-03T00:10:57-07:00""}, ""SyncToken"": ""0"", ""Vendor1099"": false, ""CurrencyRef"": {""name"": ""Australian Dollar"", ""value"": ""AUD""}, ""DisplayName"": ""The Fleet Dr Pty Ltd"", ""PrintOnCheckName"": ""The Fleet Dr Pty Ltd""}",10:57.0,10:57.0
148,9130354593661056,Thinxtra,344,AUD,70,single,bulk_20250703_170916,created,,"{""Notes"": ""Metadata: {'default_expense_account': '70', 'created_by': 'vendor_manager'}"", ""CurrencyRef"": {""value"": ""AUD""}, ""DisplayName"": ""Thinxtra""}","{""Id"": ""344"", ""Active"": true, ""domain"": ""QBO"", ""sparse"": false, ""Balance"": 0, ""MetaData"": {""CreateTime"": ""2025-07-03T00:10:59-07:00"", ""LastUpdatedTime"": ""2025-07-03T00:10:59-07:00""}, ""SyncToken"": ""0"", ""Vendor1099"": false, ""CurrencyRef"": {""name"": ""Australian Dollar"", ""value"": ""AUD""}, ""DisplayName"": ""Thinxtra"", ""PrintOnCheckName"": ""Thinxtra""}",10:59.3,10:59.3
150,9130354593661056,TNA Towing Pty Ltd,346,AUD,156,single,bulk_20250703_170916,created,,"{""Notes"": ""Metadata: {'default_expense_account': '156', 'created_by': 'vendor_manager'}"", ""CurrencyRef"": {""value"": ""AUD""}, ""DisplayName"": ""TNA Towing Pty Ltd""}","{""Id"": ""346"", ""Active"": true, ""domain"": ""QBO"", ""sparse"": false, ""Balance"": 0, ""MetaData"": {""CreateTime"": ""2025-07-03T00:11:04-07:00"", ""LastUpdatedTime"": ""2025-07-03T00:11:04-07:00""}, ""SyncToken"": ""0"", ""Vendor1099"": false, ""CurrencyRef"": {""name"": ""Australian Dollar"", ""value"": ""AUD""}, ""DisplayName"": ""TNA Towing Pty Ltd"", ""PrintOnCheckName"": ""TNA Towing Pty Ltd""}",11:04.2,11:04.2
117,9130348479446096,Tokio Marine,429,SGD,13,sync,sg_sync_20250703_170957,created,,"{""Id"": ""429"", ""DisplayName"": ""Tokio Marine""}","{""Id"": ""429"", ""Active"": true, ""domain"": ""QBO"", ""sparse"": false, ""Balance"": 0, ""MetaData"": {""CreateTime"": ""2025-07-02T16:47:07-07:00"", ""LastUpdatedTime"": ""2025-07-02T16:47:07-07:00""}, ""SyncToken"": ""0"", ""Vendor1099"": false, ""CurrencyRef"": {""name"": ""Singapore Dollar"", ""value"": ""SGD""}, ""DisplayName"": ""Tokio Marine"", ""PrintOnCheckName"": ""Tokio Marine""}",10:12.0,14:30.5
151,9130354593661056,Top Dents,347,AUD,156,single,bulk_20250703_170916,created,,"{""Notes"": ""Metadata: {'default_expense_account': '156', 'created_by': 'vendor_manager'}"", ""CurrencyRef"": {""value"": ""AUD""}, ""DisplayName"": ""Top Dents""}","{""Id"": ""347"", ""Active"": true, ""domain"": ""QBO"", ""sparse"": false, ""Balance"": 0, ""MetaData"": {""CreateTime"": ""2025-07-03T00:11:06-07:00"", ""LastUpdatedTime"": ""2025-07-03T00:11:06-07:00""}, ""SyncToken"": ""0"", ""Vendor1099"": false, ""CurrencyRef"": {""name"": ""Australian Dollar"", ""value"": ""AUD""}, ""DisplayName"": ""Top Dents"", ""PrintOnCheckName"": ""Top Dents""}",11:06.5,11:06.5
118,9130348479446096,Tow lah,430,SGD,48,sync,sg_sync_20250703_170957,created,,"{""Id"": ""430"", ""DisplayName"": ""Tow lah""}","{""Id"": ""430"", ""Active"": true, ""domain"": ""QBO"", ""sparse"": false, ""Balance"": 0, ""MetaData"": {""CreateTime"": ""2025-07-02T16:47:09-07:00"", ""LastUpdatedTime"": ""2025-07-02T16:47:09-07:00""}, ""SyncToken"": ""0"", ""Vendor1099"": false, ""CurrencyRef"": {""name"": ""Singapore Dollar"", ""value"": ""SGD""}, ""DisplayName"": ""Tow lah"", ""PrintOnCheckName"": ""Tow lah""}",10:12.3,14:30.8
193,9130354593661056,Tweed Byron Towing,385,AUD,156,single,bulk_20250705_120404,created,,"{""Notes"": ""Metadata: {'default_expense_account': '156', 'created_by': 'vendor_manager'}"", ""CurrencyRef"": {""value"": ""AUD""}, ""DisplayName"": ""Tweed Byron Towing""}","{""Id"": ""385"", ""Active"": true, ""domain"": ""QBO"", ""sparse"": false, ""Balance"": 0, ""MetaData"": {""CreateTime"": ""2025-07-04T19:05:29-07:00"", ""LastUpdatedTime"": ""2025-07-04T19:05:29-07:00""}, ""SyncToken"": ""0"", ""Vendor1099"": false, ""CurrencyRef"": {""name"": ""Australian Dollar"", ""value"": ""AUD""}, ""DisplayName"": ""Tweed Byron Towing"", ""PrintOnCheckName"": ""Tweed Byron Towing""}",05:29.5,05:29.5
119,9130348479446096,Twilio,431,USD,17,sync,sg_sync_20250703_170957,created,,"{""Id"": ""431"", ""DisplayName"": ""Twilio""}","{""Id"": ""431"", ""Active"": true, ""domain"": ""QBO"", ""sparse"": false, ""Balance"": 0, ""MetaData"": {""CreateTime"": ""2025-07-02T16:47:12-07:00"", ""LastUpdatedTime"": ""2025-07-02T16:47:12-07:00""}, ""SyncToken"": ""0"", ""Vendor1099"": false, ""CurrencyRef"": {""name"": ""United States Dollar"", ""value"": ""USD""}, ""DisplayName"": ""Twilio"", ""PrintOnCheckName"": ""Twilio""}",10:12.6,14:31.1
152,9130354593661056,U R Drive,348,AUD,49,single,bulk_20250703_170916,created,,"{""Notes"": ""Metadata: {'default_expense_account': '49', 'created_by': 'vendor_manager'}"", ""CurrencyRef"": {""value"": ""AUD""}, ""DisplayName"": ""U R Drive""}","{""Id"": ""348"", ""Active"": true, ""domain"": ""QBO"", ""sparse"": false, ""Balance"": 0, ""MetaData"": {""CreateTime"": ""2025-07-03T00:11:08-07:00"", ""LastUpdatedTime"": ""2025-07-03T00:11:08-07:00""}, ""SyncToken"": ""0"", ""Vendor1099"": false, ""CurrencyRef"": {""name"": ""Australian Dollar"", ""value"": ""AUD""}, ""DisplayName"": ""U R Drive"", ""PrintOnCheckName"": ""U R Drive""}",11:08.8,11:08.8
202,9130348479446096,URA,440,SGD,48,single,bulk_20250705_120959,created,,"{""Notes"": ""Metadata: {'default_expense_account': '48', 'created_by': 'vendor_manager'}"", ""CurrencyRef"": {""value"": ""SGD""}, ""DisplayName"": ""URA""}","{""Id"": ""440"", ""Active"": true, ""domain"": ""QBO"", ""sparse"": false, ""Balance"": 0, ""MetaData"": {""CreateTime"": ""2025-07-04T19:10:06-07:00"", ""LastUpdatedTime"": ""2025-07-04T19:10:06-07:00""}, ""SyncToken"": ""0"", ""Vendor1099"": false, ""CurrencyRef"": {""name"": ""Singapore Dollar"", ""value"": ""SGD""}, ""DisplayName"": ""URA"", ""PrintOnCheckName"": ""URA""}",10:06.7,10:06.7
120,9130348479446096,VALLETTA SOFTWARE,432,USD,17,sync,sg_sync_20250703_170957,created,,"{""Id"": ""432"", ""DisplayName"": ""VALLETTA SOFTWARE""}","{""Id"": ""432"", ""Active"": true, ""domain"": ""QBO"", ""sparse"": false, ""Balance"": 0, ""MetaData"": {""CreateTime"": ""2025-07-02T16:47:14-07:00"", ""LastUpdatedTime"": ""2025-07-02T16:47:14-07:00""}, ""SyncToken"": ""0"", ""Vendor1099"": false, ""CurrencyRef"": {""name"": ""United States Dollar"", ""value"": ""USD""}, ""DisplayName"": ""VALLETTA SOFTWARE"", ""PrintOnCheckName"": ""VALLETTA SOFTWARE""}",10:13.1,14:31.4
221,9130354593661056,Value car health system,398,AUD,,single,,created,,"{""CurrencyRef"": {""value"": ""AUD""}, ""DisplayName"": ""Value car health system""}","{""Id"": ""398"", ""Active"": true, ""domain"": ""QBO"", ""sparse"": false, ""Balance"": 0, ""MetaData"": {""CreateTime"": ""2025-07-21T03:21:56-07:00"", ""LastUpdatedTime"": ""2025-07-21T03:21:56-07:00""}, ""SyncToken"": ""0"", ""Vendor1099"": false, ""CurrencyRef"": {""name"": ""Australian Dollar"", ""value"": ""AUD""}, ""DisplayName"": ""Value car health system"", ""PrintOnCheckName"": ""Value car health system""}",21:56.8,21:56.8
123,9130348479446096,Venture Haven,433,SGD,148,sync,sg_sync_20250703_170957,created,,"{""Id"": ""433"", ""DisplayName"": ""Venture Haven""}","{""Id"": ""433"", ""Active"": true, ""domain"": ""QBO"", ""sparse"": false, ""Balance"": 0, ""MetaData"": {""CreateTime"": ""2025-07-02T16:47:16-07:00"", ""LastUpdatedTime"": ""2025-07-02T16:47:16-07:00""}, ""SyncToken"": ""0"", ""Vendor1099"": false, ""CurrencyRef"": {""name"": ""Singapore Dollar"", ""value"": ""SGD""}, ""DisplayName"": ""Venture Haven"", ""PrintOnCheckName"": ""Venture Haven""}",10:13.7,14:31.7
124,9130348479446096,Vignesh,434,INR,148,sync,sg_sync_20250703_170957,created,,"{""Id"": ""434"", ""DisplayName"": ""Vignesh""}","{""Id"": ""434"", ""Active"": true, ""domain"": ""QBO"", ""sparse"": false, ""Balance"": 0, ""MetaData"": {""CreateTime"": ""2025-07-02T16:47:19-07:00"", ""LastUpdatedTime"": ""2025-07-02T16:47:19-07:00""}, ""SyncToken"": ""0"", ""Vendor1099"": false, ""CurrencyRef"": {""name"": ""Indian Rupee"", ""value"": ""INR""}, ""DisplayName"": ""Vignesh"", ""PrintOnCheckName"": ""Vignesh""}",10:14.0,14:32.0
125,9130348479446096,Vin's Motor Pte Ltd,435,SGD,48,sync,sg_sync_20250703_170957,created,,"{""Id"": ""435"", ""DisplayName"": ""Vin's Motor Pte Ltd""}","{""Id"": ""435"", ""Active"": true, ""domain"": ""QBO"", ""sparse"": false, ""Balance"": 0, ""MetaData"": {""CreateTime"": ""2025-07-02T16:47:21-07:00"", ""LastUpdatedTime"": ""2025-07-02T16:47:21-07:00""}, ""SyncToken"": ""0"", ""Vendor1099"": false, ""CurrencyRef"": {""name"": ""Singapore Dollar"", ""value"": ""SGD""}, ""DisplayName"": ""Vin's Motor Pte Ltd"", ""PrintOnCheckName"": ""Vin's Motor Pte Ltd""}",10:14.3,14:32.3
121,9130348479446096,VR Graphics,436,INR,49,sync,sg_sync_20250703_170957,created,,"{""Id"": ""436"", ""DisplayName"": ""VR Graphics""}","{""Id"": ""436"", ""Active"": true, ""domain"": ""QBO"", ""sparse"": false, ""Balance"": 0, ""MetaData"": {""CreateTime"": ""2025-07-02T16:47:23-07:00"", ""LastUpdatedTime"": ""2025-07-02T16:47:23-07:00""}, ""SyncToken"": ""0"", ""Vendor1099"": false, ""CurrencyRef"": {""name"": ""Indian Rupee"", ""value"": ""INR""}, ""DisplayName"": ""VR Graphics"", ""PrintOnCheckName"": ""VR Graphics""}",10:13.4,14:32.6
126,9130348479446096,Wash and Go,387,SGD,48,sync,sg_sync_20250703_170957,created,,"{""Id"": ""387"", ""CompanyName"": ""Wash and Go"", ""DisplayName"": ""Wash and Go""}","{""Id"": ""387"", ""Active"": true, ""domain"": ""QBO"", ""sparse"": false, ""Balance"": 300.0, ""MetaData"": {""CreateTime"": ""2025-07-02T05:30:29-07:00"", ""LastUpdatedTime"": ""2025-07-02T17:22:31-07:00""}, ""SyncToken"": ""0"", ""Vendor1099"": false, ""CompanyName"": ""Wash and Go"", ""CurrencyRef"": {""name"": ""Singapore Dollar"", ""value"": ""SGD""}, ""DisplayName"": ""Wash and Go"", ""PrintOnCheckName"": ""Wash and Go""}",10:14.6,14:32.9
153,9130354593661056,Watterson,349,AUD,94,single,bulk_20250703_170916,created,,"{""Notes"": ""Metadata: {'default_expense_account': '94', 'created_by': 'vendor_manager'}"", ""CurrencyRef"": {""value"": ""AUD""}, ""DisplayName"": ""Watterson""}","{""Id"": ""349"", ""Active"": true, ""domain"": ""QBO"", ""sparse"": false, ""Balance"": 0, ""MetaData"": {""CreateTime"": ""2025-07-03T00:11:11-07:00"", ""LastUpdatedTime"": ""2025-07-03T00:11:11-07:00""}, ""SyncToken"": ""0"", ""Vendor1099"": false, ""CurrencyRef"": {""name"": ""Australian Dollar"", ""value"": ""AUD""}, ""DisplayName"": ""Watterson"", ""PrintOnCheckName"": ""Watterson""}",11:11.0,11:11.0
127,9130348479446096,WeCorporate Global Consultancy,437,MYR,148,sync,sg_sync_20250703_170957,created,,"{""Id"": ""437"", ""DisplayName"": ""WeCorporate Global Consultancy""}","{""Id"": ""437"", ""Active"": true, ""domain"": ""QBO"", ""sparse"": false, ""Balance"": 0, ""MetaData"": {""CreateTime"": ""2025-07-02T16:47:26-07:00"", ""LastUpdatedTime"": ""2025-07-02T16:47:26-07:00""}, ""SyncToken"": ""0"", ""Vendor1099"": false, ""CurrencyRef"": {""name"": ""Malaysian Ringgit"", ""value"": ""MYR""}, ""DisplayName"": ""WeCorporate Global Consultancy"", ""PrintOnCheckName"": ""WeCorporate Global Consultancy""}",10:14.8,14:33.2
154,9130354593661056,Wells O'Callaghan Watterson Pty Limited,350,AUD,156,single,bulk_20250703_170916,created,,"{""Notes"": ""Metadata: {'default_expense_account': '156', 'created_by': 'vendor_manager'}"", ""CurrencyRef"": {""value"": ""AUD""}, ""DisplayName"": ""Wells O'Callaghan Watterson Pty Limited""}","{""Id"": ""350"", ""Active"": true, ""domain"": ""QBO"", ""sparse"": false, ""Balance"": 0, ""MetaData"": {""CreateTime"": ""2025-07-03T00:11:13-07:00"", ""LastUpdatedTime"": ""2025-07-03T00:11:13-07:00""}, ""SyncToken"": ""0"", ""Vendor1099"": false, ""CurrencyRef"": {""name"": ""Australian Dollar"", ""value"": ""AUD""}, ""DisplayName"": ""Wells O'Callaghan Watterson Pty Limited"", ""PrintOnCheckName"": ""Wells O'Callaghan Watterson Pty Limited""}",11:13.3,11:13.3
155,9130354593661056,West Melbourne Smash Repairs,351,AUD,156,single,bulk_20250703_170916,created,,"{""Notes"": ""Metadata: {'default_expense_account': '156', 'created_by': 'vendor_manager'}"", ""CurrencyRef"": {""value"": ""AUD""}, ""DisplayName"": ""West Melbourne Smash Repairs""}","{""Id"": ""351"", ""Active"": true, ""domain"": ""QBO"", ""sparse"": false, ""Balance"": 0, ""MetaData"": {""CreateTime"": ""2025-07-03T00:11:15-07:00"", ""LastUpdatedTime"": ""2025-07-03T00:11:15-07:00""}, ""SyncToken"": ""0"", ""Vendor1099"": false, ""CurrencyRef"": {""name"": ""Australian Dollar"", ""value"": ""AUD""}, ""DisplayName"": ""West Melbourne Smash Repairs"", ""PrintOnCheckName"": ""West Melbourne Smash Repairs""}",11:15.6,11:15.6
156,9130354593661056,WP Towing,352,AUD,156,single,bulk_20250703_170916,created,,"{""Notes"": ""Metadata: {'default_expense_account': '156', 'created_by': 'vendor_manager'}"", ""CurrencyRef"": {""value"": ""AUD""}, ""DisplayName"": ""WP Towing""}","{""Id"": ""352"", ""Active"": true, ""domain"": ""QBO"", ""sparse"": false, ""Balance"": 0, ""MetaData"": {""CreateTime"": ""2025-07-03T00:11:17-07:00"", ""LastUpdatedTime"": ""2025-07-03T00:11:17-07:00""}, ""SyncToken"": ""0"", ""Vendor1099"": false, ""CurrencyRef"": {""name"": ""Australian Dollar"", ""value"": ""AUD""}, ""DisplayName"": ""WP Towing"", ""PrintOnCheckName"": ""WP Towing""}",11:17.9,11:17.9
128,9130348479446096,YUEN LAW LLC,438,SGD,148,sync,sg_sync_20250703_170957,created,,"{""Id"": ""438"", ""DisplayName"": ""YUEN LAW LLC""}","{""Id"": ""438"", ""Active"": true, ""domain"": ""QBO"", ""sparse"": false, ""Balance"": 0, ""MetaData"": {""CreateTime"": ""2025-07-02T16:47:29-07:00"", ""LastUpdatedTime"": ""2025-07-02T16:47:29-07:00""}, ""SyncToken"": ""0"", ""Vendor1099"": false, ""CurrencyRef"": {""name"": ""Singapore Dollar"", ""value"": ""SGD""}, ""DisplayName"": ""YUEN LAW LLC"", ""PrintOnCheckName"": ""YUEN LAW LLC""}",10:15.1,14:33.6